CREATE DATABASE ignorancia;
USE ignorancia;

CREATE TABLE jugadores (
  id_jugador INT NOT NULL AUTO_INCREMENT,
  nombre VARCHAR(50) NOT NULL,
  puntos INT NOT NULL DEFAULT 0,
  PRIMARY KEY (id_jugador)
) ENGINE=InnoDB DEFAULT CHARSET=utf8mb4;

INSERT INTO jugadores (nombre, puntos) VALUES
('Jugador 1', 0),
('Jugador 2', 0),
('Jugador 3', 0);

DELIMITER //

CREATE PROCEDURE sumar_punto_jugador(
  IN p_id_jugador INT
)
BEGIN
  UPDATE jugadores
  SET puntos = puntos + 1
  WHERE id_jugador = p_id_jugador;
END //

DELIMITER ;

CREATE TABLE `categoria` (
  `id_categoria` int(11) NOT NULL,
  `categoria` varchar(200) NOT NULL
) ENGINE=InnoDB DEFAULT CHARSET=utf8mb4 COLLATE=utf8mb4_general_ci;

CREATE TABLE `preguntas` (
  `id_pregunta` int(11) NOT NULL,
  `pregunta` varchar(200) NOT NULL,
  `id_categoria` int(11) NOT NULL
) ENGINE=InnoDB DEFAULT CHARSET=utf8mb4 COLLATE=utf8mb4_general_ci;

CREATE TABLE `opciones` (
  `id_opcion` int(11) NOT NULL,
  `id_pregunta` int(11) NOT NULL,
  `opcion_1` varchar(100) NOT NULL,
  `opcion_2` varchar(100) NOT NULL,
  `opcion_3` varchar(100) NOT NULL,
  `opcion_4` varchar(100) NOT NULL,
  `es_correcta` int(11) NOT NULL
) ENGINE=InnoDB DEFAULT CHARSET=utf8mb4 COLLATE=utf8mb4_general_ci;

INSERT INTO `categoria` (`id_categoria`, `categoria`) VALUES
(1, 'Matematicas'),
(2, 'Geografia'),
(3, 'Historia_de_mexico'),
(4, 'Programacion'),
(5, 'Automotriz'),
(6, 'Anatomia'),
(7, 'Ciencias_naturales'),
(8, 'Deportes'),
(9, 'Astronomia'),
(10, 'Mitologia_griega');

INSERT INTO `preguntas` (`id_pregunta`, `pregunta`, `id_categoria`) VALUES
(1, '¿Cuál es el valor de 99 x 77?', 1),
(2, '¿Cuánto es 144 ÷ 12?', 1),
(3, 'Si tienes 3/4 de una pizza y comes 1/4, ¿cuánto te queda?', 1),
(4, '¿Cuál es el valor de 10^2?', 1),
(5, '¿Cuánto mide la mitad de un ángulo recto, si completo mide 90 grados?', 1),
(6, '¿Cuánto es 25% de 200?', 1),
(7, 'Si en una clase hay 40 estudiantes y el 25% son hombres, ¿cuántos hombres hay?', 1),
(8, '¿Cuánto es 33.5 x 22.5?', 1),
(9, 'Si un triángulo tiene lados de 3 cm, 4 cm, y 5 cm, ¿qué tipo de triángulo es?', 1),
(10, 'Si recorres 180 km en 3 horas, ¿cuál es tu velocidad promedio?', 1),
(11, '¿Cuál es la fracción equivalente a 0.75?', 1),
(12, '¿Cuál es el valor de √64?', 1),
(13, 'Si tienes un cuadrado de 6 cm de lado, ¿cuál es su área?', 1),
(14, '¿Cuánto es 15% de 300?', 1),
(15, '¿Cuánto es 3^3?', 1),
(16, '¿Cuánto es 17.5 + 15.3?', 1),
(17, '¿Cuánto mide cada ángulo interno de un cuadrado?', 1),
(18, 'Si un reloj muestra las 3:00, ¿qué ángulo forman las manecillas del reloj?', 1),
(19, '¿Cuánto es 25 x 13?', 1),
(20, '¿Cuáles son los primeros 8 dígitos de pi?', 1),
(21, '¿Cuál es la fracción equivalente a 0.25?', 1),
(22, '¿Cuánto es 22.5 + 33.75?', 1),
(23, 'Si un círculo tiene un diámetro de 10 cm, ¿cuál es su radio?', 1),
(24, '¿Cuánto es 75% de 80?', 1),
(25, 'Si el perímetro de un cuadrado es 20 cm, ¿cuánto mide cada lado?', 1),
(26, '¿Cuánto es 91 x 9?', 1),
(27, '¿Cuál es el porcentaje de 0.75?', 1),
(28, '¿Cuánto es 1 litro en mililitros?', 1),
(29, '¿Cuál es la conversión de 3 metros a centímetros?', 1),
(30, '¿Cuál es el resultado de 8 al cubo?', 1),
(31, '¿Cuánto es 20% de 50?', 1),
(32, '¿Cuántos minutos hay en 3 horas?', 1),
(33, '¿Cuánto es 12.1 x 13.1?', 1),
(34, '¿Cuánto es √49?', 1),
(35, '¿Cuál es la fórmula para el área de un círculo?', 1),
(36, 'Si tienes una pizza dividida en 8 partes y comes 3, ¿qué fracción queda?', 1),
(37, '¿Cuántos segundos hay en una hora?', 1),
(38, '¿Cuánto es 30.2 x 12?', 1),
(39, 'Si un pentágono tiene lados de 4 cm, ¿cuál es su perímetro?', 1),
(40, '¿Cuánto es 61.5 + 23.7?', 1),
(41, 'Si tienes 3/5 de un litro de agua y bebes 1/5, ¿cuánto te queda?', 1),
(42, '¿Cuánto es 1000 gramos en kilogramos?', 1),
(43, 'Si recorres 240 km en 4 horas, ¿cuál es tu velocidad promedio?', 1),
(44, '¿Cuántos centímetros hay en un metro?', 1),
(45, '¿Cuál es el valor decimal de la fracción 3/4?', 1),
(46, 'Si una hora tiene 60 minutos, ¿cuántos minutos hay en medio día?', 1),
(47, '¿Cuánto es 61 x 8?', 1),
(48, '¿Cuántos lados tiene un hexágono?', 1),
(49, 'Si un triángulo tiene un ángulo de 90 grados, ¿qué tipo de triángulo es?', 1),
(50, '¿Cuál es la fracción equivalente a 0.5?', 1),
(51, '¿Cuánto es 18 x 6?', 1),
(52, '¿Cuál es la raíz cuadrada de 144?', 1),
(53, '¿Cuánto es 120 ÷ 15?', 1),
(54, '¿Cuál es el perímetro de un cuadrado de lado 8 cm?', 1),
(55, '¿Cuánto es 25% de 80?', 1),
(56, '¿Cuánto es 13 x 7?', 1),
(57, '¿Cuál es el área de un rectángulo de 10 cm por 5 cm?', 1),
(58, '¿Cuánto es 200 ÷ 25?', 1),
(59, '¿Cuánto es 9 x 9?', 1),
(60, '¿Cuál es la mitad de 96?', 1),
(61, '¿Cuánto es 5³?', 1),
(62, '¿Cuánto es 45 + 38?', 1),
(63, '¿Cuál es la raíz cuadrada de 225?', 1),
(64, '¿Cuánto es 144 ÷ 12?', 1),
(65, '¿Cuánto es 30% de 150?', 1),
(66, '¿Cuánto es 16 x 4?', 1),
(67, '¿Cuál es el perímetro de un cuadrado de lado 7 cm?', 1),
(68, '¿Cuánto es 8²?', 1),
(69, '¿Cuánto es 72 ÷ 9?', 1),
(70, '¿Cuánto es 11 x 11?', 1),
(71, '¿Cuál es el resultado de 90 - 47?', 1),
(72, '¿Cuánto es 4³?', 1),
(73, '¿Cuánto es 100 ÷ 4?', 1),
(74, '¿Cuánto es 3/4 de 40?', 1),
(75, '¿Cuánto es 9 x 12?', 1),
(76, '¿Cuánto es 60 + 35?', 1),
(77, '¿Cuál es la raíz cuadrada de 169?', 1),
(78, '¿Cuánto es 81 ÷ 9?', 1),
(79, '¿Cuánto es 7 x 8?', 1),
(80, '¿Cuánto es 200 - 75?', 1),
(81, '¿Cuánto es 10²?', 1),
(82, '¿Cuánto es 50% de 60?', 1),
(83, '¿Cuánto es 14 x 6?', 1),
(84, '¿Cuánto es 144 + 56?', 1),
(85, '¿Cuál es el área de un cuadrado de lado 9 cm?', 1),
(86, '¿Cuánto es 18²?', 1),
(87, '¿Cuánto es 63 ÷ 7?', 1),
(88, '¿Cuánto es 120 ÷ 10?', 1),
(89, '¿Cuánto es 36 + 47?', 1),
(90, '¿Cuánto es 15 x 5?', 1),
(91, '¿Cuánto es 5 x 12?', 1),
(92, '¿Cuánto es 64 ÷ 8?', 1),
(93, '¿Cuánto es 81 + 19?', 1),
(94, '¿Cuánto es 3²?', 1),
(95, '¿Cuánto es 2/5 de 50?', 1),
(96, '¿Cuánto es 7 x 6?', 1),
(97, '¿Cuánto es 48 ÷ 6?', 1),
(98, '¿Cuánto es 90 + 10?', 1),
(99, '¿Cuánto es 11 x 9?', 1),
(100, '¿Cuánto es 1000 ÷ 100?', 1),
(101, '¿Cuánto es 22 x 4?', 1),
(102, '¿Cuál es la raíz cuadrada de 196?', 1),
(103, '¿Cuánto es 150 ÷ 5?', 1),
(104, '¿Cuánto es 12²?', 1),
(105, '¿Cuánto es 40% de 50?', 1),
(106, '¿Cuánto es 17 x 3?', 1),
(107, '¿Cuál es el área de un rectángulo de 8 x 6?', 1),
(108, '¿Cuánto es 81 ÷ 3?', 1),
(109, '¿Cuánto es 6 x 7?', 1),
(110, '¿Cuál es la mitad de 120?', 1),
(111, '¿Cuánto es 2³ + 3³?', 1),
(112, '¿Cuánto es 70 + 25?', 1),
(113, '¿Cuál es la raíz cuadrada de 256?', 1),
(114, '¿Cuánto es 200 ÷ 20?', 1),
(115, '¿Cuánto es 15% de 200?', 1),
(116, '¿Cuánto es 19 x 2?', 1),
(117, '¿Cuál es el perímetro de un cuadrado de lado 9?', 1),
(118, '¿Cuánto es 9²?', 1),
(119, '¿Cuánto es 56 ÷ 8?', 1),
(120, '¿Cuánto es 13 x 13?', 1),
(121, '¿Cuánto es 100 - 37?', 1),
(122, '¿Cuánto es 6³?', 1),
(123, '¿Cuánto es 80 ÷ 4?', 1),
(124, '¿Cuánto es 2/5 de 100?', 1),
(125, '¿Cuánto es 14 x 7?', 1),
(126, '¿Cuánto es 45 + 55?', 1),
(127, '¿Cuál es la raíz cuadrada de 121?', 1),
(128, '¿Cuánto es 72 ÷ 6?', 1),
(129, '¿Cuánto es 8 x 9?', 1),
(130, '¿Cuánto es 300 - 125?', 1),
(131, '¿Cuánto es 11²?', 1),
(132, '¿Cuánto es 25% de 120?', 1),
(133, '¿Cuánto es 16 x 5?', 1),
(134, '¿Cuánto es 210 + 90?', 1),
(135, '¿Cuál es el área de un cuadrado de lado 10?', 1),
(136, '¿Cuánto es 21²?', 1),
(137, '¿Cuánto es 81 ÷ 9?', 1),
(138, '¿Cuánto es 140 ÷ 10?', 1),
(139, '¿Cuánto es 27 + 36?', 1),
(140, '¿Cuánto es 12 x 6?', 1),
(141, '¿Cuánto es 8 x 5?', 1),
(142, '¿Cuánto es 90 ÷ 9?', 1),
(143, '¿Cuánto es 60 + 40?', 1),
(144, '¿Cuánto es 4²?', 1),
(145, '¿Cuánto es 3/5 de 50?', 1),
(146, '¿Cuánto es 9 x 4?', 1),
(147, '¿Cuánto es 72 ÷ 8?', 1),
(148, '¿Cuánto es 110 + 10?', 1),
(149, '¿Cuánto es 12 x 11?', 1),
(150, '¿Cuánto es 900 ÷ 100?', 1),
(151, '¿Cuánto es 24 x 3?', 1),
(152, '¿Cuál es la raíz cuadrada de 289?', 1),
(153, '¿Cuánto es 180 ÷ 6?', 1),
(154, '¿Cuánto es 13²?', 1),
(155, '¿Cuánto es 20% de 250?', 1),
(156, '¿Cuánto es 21 x 2?', 1),
(157, '¿Cuál es el área de un rectángulo de 9 x 4?', 1),
(158, '¿Cuánto es 144 ÷ 16?', 1),
(159, '¿Cuánto es 12 x 8?', 1),
(160, '¿Cuál es la mitad de 150?', 1),
(161, '¿Cuánto es 4³?', 1),
(162, '¿Cuánto es 85 + 15?', 1),
(163, '¿Cuál es la raíz cuadrada de 324?', 1),
(164, '¿Cuánto es 210 ÷ 21?', 1),
(165, '¿Cuánto es 10% de 90?', 1),
(166, '¿Cuánto es 25 x 4?', 1),
(167, '¿Cuál es el perímetro de un cuadrado de lado 6?', 1),
(168, '¿Cuánto es 7²?', 1),
(169, '¿Cuánto es 64 ÷ 4?', 1),
(170, '¿Cuánto es 15 x 9?', 1),
(171, '¿Cuánto es 200 - 90?', 1),
(172, '¿Cuánto es 5³?', 1),
(173, '¿Cuánto es 96 ÷ 8?', 1),
(174, '¿Cuánto es 3/4 de 80?', 1),
(175, '¿Cuánto es 11 x 12?', 1),
(176, '¿Cuánto es 70 + 30?', 1),
(177, '¿Cuál es la raíz cuadrada de 400?', 1),
(178, '¿Cuánto es 90 ÷ 5?', 1),
(179, '¿Cuánto es 6 x 12?', 1),
(180, '¿Cuánto es 250 - 125?', 1),
(181, '¿Cuánto es 9²?', 1),
(182, '¿Cuánto es 40% de 100?', 1),
(183, '¿Cuánto es 18 x 5?', 1),
(184, '¿Cuánto es 300 + 200?', 1),
(185, '¿Cuál es el área de un cuadrado de lado 11?', 1),
(186, '¿Cuánto es 14²?', 1),
(187, '¿Cuánto es 72 ÷ 6?', 1),
(188, '¿Cuánto es 160 ÷ 10?', 1),
(189, '¿Cuánto es 48 + 52?', 1),
(190, '¿Cuánto es 13 x 6?', 1),
(191, '¿Cuánto es 7 x 7?', 1),
(192, '¿Cuánto es 100 ÷ 20?', 1),
(193, '¿Cuánto es 60 + 90?', 1),
(194, '¿Cuánto es 5²?', 1),
(195, '¿Cuánto es 2/3 de 60?', 1),
(196, '¿Cuánto es 8 x 6?', 1),
(197, '¿Cuánto es 84 ÷ 7?', 1),
(198, '¿Cuánto es 95 + 5?', 1),
(199, '¿Cuánto es 12 x 9?', 1),
(200, '¿Cuánto es 800 ÷ 100?', 1),

(201, '¿Cuál es el río más largo del mundo?', 2),
(202, '¿En qué continente se encuentra el desierto del Sahara?', 2),
(203, '¿Cuál es el océano más grande?', 2),
(204, '¿Qué país tiene la mayor cantidad de islas?', 2),
(205, '¿En qué país se encuentra la Gran Muralla?', 2),
(206, '¿Cuál es la capital de Canadá?', 2),
(207, '¿Cuál es el país más pequeño del mundo?', 2),
(208, '¿En qué país se encuentra el monte Everest?', 2),
(209, '¿Cuál es el país más poblado de África?', 2),
(210, '¿Qué país tiene la mayor extensión territorial?', 2),
(211, '¿Cuál es el país más grande de Sudamérica?', 2),
(212, '¿Cuál es la capital de Australia?', 2),
(213, '¿Qué país es conocido como la "tierra del sol naciente"?', 2),
(214, '¿En qué continente se encuentra el monte Kilimanjaro?', 2),
(215, '¿Cuál es el país más montañoso de Europa?', 2),
(216, '¿Cuál es la capital de Egipto?', 2),
(217, '¿Cuál es el continente menos poblado?', 2),
(218, '¿Qué país tiene la mayor cantidad de lagos?', 2),
(219, '¿Cuál es el país más grande de África en términos de área?', 2),
(220, '¿Cuál es la capital de Brasil?', 2),
(221, '¿Cuál es el único país que tiene costas tanto en el Mar Rojo como en el Golfo Pérsico?', 2),
(222, '¿Cuál es el país más poblado del mundo?', 2),
(223, '¿En qué océano se encuentran las Islas Maldivas?', 2),
(224, '¿Qué cordillera separa Europa de Asia?', 2),
(225, '¿Cuál es la capital de Argentina?', 2),
(226, '¿Cuál es el país más largo de Sudamérica?', 2),
(227, '¿Cuál es el desierto más grande del mundo?', 2),
(228, '¿En qué país está la Torre Eiffel?', 2),
(229, '¿Cuál es el lago más grande de América del Sur?', 2),
(230, '¿Cuál es la capital de Italia?', 2),
(231, '¿Qué país tiene la mayor cantidad de volcanes activos?', 2),
(232, '¿Cuál es la capital de Rusia?', 2),
(233, '¿En qué continente está el río Danubio?', 2),
(234, '¿Cuál es la capital de India?', 2),
(235, '¿Cuál es la capital de Japón?', 2),
(236, '¿Cuál es el único continente que no tiene desiertos?', 2),
(237, '¿Qué país tiene la montaña más alta del mundo?', 2),
(238, '¿Cuál es el idioma oficial de Brasil?', 2),
(239, '¿En qué país se encuentra el volcán Etna?', 2),
(240, '¿En qué continente se encuentra el país de Nueva Zelanda?', 2),
(241, '¿Cuál es el punto más bajo de la Tierra?', 2),
(242, '¿Cuál es la capital de Alemania?', 2),
(243, '¿Cuál es el país más largo del mundo?', 2),
(244, '¿Qué país comparte la frontera más larga con Estados Unidos?', 2),
(245, '¿Cuál es el país más poblado de América?', 2),
(246, '¿Cuál es el desierto más frío del mundo?', 2),
(247, '¿Cuál es el país más occidental de Europa?', 2),
(248, '¿En qué país se encuentra la selva amazónica?', 2),
(249, '¿Cuál es la capital de Grecia?', 2),
(250, '¿Cuál es el mar entre Europa y África?', 2),
(251, '¿Cuál es la capital de Noruega?', 2),
(252, '¿En qué continente se encuentra Madagascar?', 2),
(253, '¿Cuál es la capital de Turquía?', 2),
(254, '¿Qué país tiene forma de bota en el mapa?', 2),
(255, '¿Cuál es el río más largo de Europa?', 2),
(256, '¿En qué océano se encuentra la isla de Madagascar?', 2),
(257, '¿Cuál es la capital de Chile?', 2),
(258, '¿Qué país tiene como capital Wellington?', 2),
(259, '¿Cuál es el país más grande de Oceanía?', 2),
(260, '¿En qué continente se encuentra Argentina?', 2),
(261, '¿Cuál es la capital de Portugal?', 2),
(262, '¿Qué país tiene como capital Varsovia?', 2),
(263, '¿Cuál es el lago más profundo del mundo?', 2),
(264, '¿En qué continente se encuentra Finlandia?', 2),
(265, '¿Cuál es la capital de Indonesia?', 2),
(266, '¿Qué mar separa a África de Asia en parte de su límite?', 2),
(267, '¿Qué país tiene como capital Viena?', 2),
(268, '¿Cuál es la capital de Corea del Sur?', 2),
(269, '¿Qué país tiene como capital Budapest?', 2),
(270, '¿Cuál es el desierto más seco del mundo?', 2),
(271, '¿En qué continente se encuentra Ucrania?', 2),
(272, '¿Cuál es la capital de Colombia?', 2),
(273, '¿Qué país tiene como capital Copenhague?', 2),
(274, '¿Cuál es el río más largo de América del Norte?', 2),
(275, '¿En qué océano se encuentran las islas Hawái?', 2),
(276, '¿Cuál es la capital de Marruecos?', 2),
(277, '¿Qué país tiene como capital La Paz en sede de gobierno?', 2),
(278, '¿Cuál es el país más grande de África por superficie?', 2),
(279, '¿En qué continente se encuentra Irán?', 2),
(280, '¿Cuál es la capital de Suecia?', 2),
(281, '¿Qué país tiene como capital Manila?', 2),
(282, '¿Cuál es la montaña más alta de América?', 2),
(283, '¿En qué océano desemboca el río Amazonas?', 2),
(284, '¿Cuál es la capital de Bélgica?', 2),
(285, '¿Qué país tiene como capital San José?', 2),
(286, '¿Cuál es el país más pequeño de América del Sur?', 2),
(287, '¿En qué continente se encuentra Nepal?', 2),
(288, '¿Cuál es la capital de Cuba?', 2),
(289, '¿Qué país tiene como capital Nairobi?', 2),
(290, '¿Cuál es el océano más profundo del mundo?', 2),
(291, '¿En qué continente se encuentra Groenlandia?', 2),
(292, '¿Cuál es la capital de Suiza?', 2),
(293, '¿Qué país tiene como capital Doha?', 2),
(294, '¿Cuál es el país más poblado de Europa?', 2),
(295, '¿En qué océano se encuentra Islandia?', 2),
(296, '¿Cuál es la capital de Kenia?', 2),
(297, '¿Qué país tiene como capital Astaná?', 2),
(298, '¿Cuál es el canal artificial que une el mar Mediterráneo con el mar Rojo?', 2),
(299, '¿En qué continente se encuentra Guatemala?', 2),
(300, '¿Cuál es la capital de Venezuela?', 2),
(301, '¿Cuál es la capital de Tailandia?', 2),
(302, '¿En qué continente se encuentra Islandia?', 2),
(303, '¿Cuál es el río más largo de Asia?', 2),
(304, '¿Qué país tiene como capital Helsinki?', 2),
(305, '¿Cuál es el país más grande de Europa?', 2),
(306, '¿En qué océano está la isla de Sri Lanka?', 2),
(307, '¿Cuál es la capital de Perú?', 2),
(308, '¿Qué país tiene como capital Oslo?', 2),
(309, '¿Cuál es el lago más grande de África?', 2),
(310, '¿En qué continente se encuentra Turquía mayormente?', 2),
(311, '¿Cuál es la capital de Pakistán?', 2),
(312, '¿Qué país tiene como capital Atenas?', 2),
(313, '¿Cuál es la montaña más alta de África?', 2),
(314, '¿En qué océano está Groenlandia principalmente?', 2),
(315, '¿Cuál es la capital de Filipinas?', 2),
(316, '¿Qué país tiene como capital Berna?', 2),
(317, '¿Cuál es el país más grande de Centroamérica?', 2),
(318, '¿En qué continente se encuentra Kazajistán?', 2),
(319, '¿Cuál es la capital de Ecuador?', 2),
(320, '¿Qué país tiene como capital Dublín?', 2),
(321, '¿Cuál es el desierto más grande de Asia?', 2),
(322, '¿En qué océano se encuentra Japón?', 2),
(323, '¿Cuál es la capital de Hungría?', 2),
(324, '¿Qué país tiene como capital Praga?', 2),
(325, '¿Cuál es el río más largo de África?', 2),
(326, '¿En qué continente se encuentra Perú?', 2),
(327, '¿Cuál es la capital de Dinamarca?', 2),
(328, '¿Qué país tiene como capital Bangkok?', 2),
(329, '¿Cuál es el país más grande del Medio Oriente?', 2),
(330, '¿En qué océano está el archipiélago de Filipinas?', 2),
(331, '¿Cuál es la capital de Bolivia?', 2),
(332, '¿Qué país tiene como capital El Cairo?', 2),
(333, '¿Cuál es la isla más grande del mundo?', 2),
(334, '¿En qué continente se encuentra Marruecos?', 2),
(335, '¿Cuál es la capital de Serbia?', 2),
(336, '¿Qué país tiene como capital Caracas?', 2),
(337, '¿Cuál es el río más largo de Oceanía?', 2),
(338, '¿En qué océano se encuentra Australia?', 2),
(339, '¿Cuál es la capital de Paraguay?', 2),
(340, '¿Qué país tiene como capital Lima?', 2),
(341, '¿Cuál es el país más poblado de Sudamérica?', 2),
(342, '¿En qué continente se encuentra Arabia Saudita?', 2),
(343, '¿Cuál es la capital de Croacia?', 2),
(344, '¿Qué país tiene como capital Rabat?', 2),
(345, '¿Cuál es el volcán más alto de México?', 2),
(346, '¿En qué océano está Madagascar?', 2),
(347, '¿Cuál es la capital de Rumania?', 2),
(348, '¿Qué país tiene como capital Sofía?', 2),
(349, '¿Cuál es el estrecho que separa Europa de África en España?', 2),
(350, '¿En qué continente se encuentra Costa Rica?', 2),
(351, '¿Cuál es la capital de Nigeria?', 2),
(352, '¿En qué continente se encuentra Groenlandia?', 2),
(353, '¿Cuál es el río más largo de Oceanía?', 2),
(354, '¿Qué país tiene como capital Seúl?', 2),
(355, '¿Cuál es el país más grande de Asia?', 2),
(356, '¿En qué océano se encuentra Cuba?', 2),
(357, '¿Cuál es la capital de Sudáfrica administrativa?', 2),
(358, '¿Qué país tiene como capital Teherán?', 2),
(359, '¿Cuál es el lago más grande de Europa?', 2),
(360, '¿En qué continente se encuentra Afganistán?', 2),
(361, '¿Cuál es la capital de Etiopía?', 2),
(362, '¿Qué país tiene como capital Lima?', 2),
(363, '¿Cuál es la montaña más alta de Europa?', 2),
(364, '¿En qué océano se encuentra Filipinas?', 2),
(365, '¿Cuál es la capital de Austria?', 2),
(366, '¿Qué país tiene como capital Helsinki?', 2),
(367, '¿Cuál es el país más poblado de África?', 2),
(368, '¿En qué continente se encuentra Siria?', 2),
(369, '¿Cuál es la capital de Noruega?', 2),
(370, '¿Qué país tiene como capital Kabul?', 2),
(371, '¿Cuál es el río más largo de Sudamérica?', 2),
(372, '¿En qué océano se encuentra Argentina?', 2),
(373, '¿Cuál es la capital de Finlandia?', 2),
(374, '¿Qué país tiene como capital Bangkok?', 2),
(375, '¿Cuál es el país más grande de Centroamérica?', 2),
(376, '¿En qué continente se encuentra Israel?', 2),
(377, '¿Cuál es la capital de Dinamarca?', 2),
(378, '¿Qué país tiene como capital Doha?', 2),
(379, '¿Cuál es la isla más grande de Europa?', 2),
(380, '¿En qué océano se encuentra Japón?', 2),
(381, '¿Cuál es la capital de Hungría?', 2),
(382, '¿Qué país tiene como capital Varsovia?', 2),
(383, '¿Cuál es el río más largo de Norteamérica?', 2),
(384, '¿En qué continente se encuentra Corea del Sur?', 2),
(385, '¿Cuál es la capital de Venezuela?', 2),
(386, '¿Qué país tiene como capital Canberra?', 2),
(387, '¿Cuál es el desierto más grande de América?', 2),
(388, '¿En qué océano se encuentra Madagascar?', 2),
(389, '¿Cuál es la capital de Polonia?', 2),
(390, '¿Qué país tiene como capital Atenas?', 2),
(391, '¿Cuál es el volcán más alto del mundo?', 2),
(392, '¿En qué continente se encuentra Irak?', 2),
(393, '¿Cuál es la capital de Arabia Saudita?', 2),
(394, '¿Qué país tiene como capital Oslo?', 2),
(395, '¿Cuál es el país más poblado de Asia?', 2),
(396, '¿En qué océano se encuentra el Reino Unido?', 2),
(397, '¿Cuál es la capital de Ucrania?', 2),
(398, '¿Qué país tiene como capital Bogotá?', 2),
(399, '¿Cuál es el estrecho que separa Asia de América?', 2),
(400, '¿En qué continente se encuentra Panamá?', 2),

(401, '¿Quién fue el último emperador azteca?', 3),
(402, '¿Qué cultura mesoamericana construyó Chichen Itzá?', 3),
(403, '¿En qué año cayó Tenochtitlan?', 3),
(404, '¿Quién fue el líder del movimiento de Independencia en México?', 3),
(405, '¿Cuál fue el primer presidente de México?', 3),
(406, '¿En qué año comenzó la Guerra de Independencia de México?', 3),
(407, '¿Qué tratado dio fin a la guerra entre México y Estados Unidos en 1848?', 3),
(408, '¿Quién fue el primer emperador de México?', 3),
(409, '¿Qué presidente mexicano impulsó la Reforma Liberal?', 3),
(410, '¿En qué año fue promulgada la Constitución de la Revolucíon mexicana?', 3),
(411, '¿Quién fue el líder de la Revolución Mexicana que controló el norte del país?', 3),
(412, '¿Quién fue conocido como el "Benemérito de las Américas"?', 3),
(413, '¿Qué cultura prehispánica construyó Monte Albán?', 3),
(414, '¿En qué año se exilió Porfirio Díaz tras la Revolución Mexicana?', 3),
(415, '¿Cuál fue la principal causa de la Guerra de los Pasteles?', 3),
(416, '¿Quién proclamó el Plan de Ayutla en 1854?', 3),
(417, '¿Qué acontecimiento histórico se celebra el 5 de mayo en México?', 3),
(418, '¿Qué país intentó invadir México en 1838 en la Guerra de los Pasteles?', 3),
(419, '¿Quién fue presidente de México durante la Guerra Cristera?', 3),
(420, '¿En qué año fue la nacionalización del petróleo en México?', 3),
(421, '¿Quién fundó la Secretaría de Educación Pública en México?', 3),
(422, '¿Cuál fue el lema de Emiliano Zapata durante la Revolución Mexicana?', 3),
(423, '¿Qué líder revolucionario fue asesinado en 1919?', 3),
(424, '¿Quién fue el dictador mexicano que gobernó por más de 30 años?', 3),
(425, '¿Cuál fue el evento que dio inicio a la Guerra de Independencia en México?', 3),
(426, '¿Quién firmó el Plan de Iguala?', 3),
(427, '¿Quién proclamó el Plan de San Luis en 1910?', 3),
(428, '¿Qué cultura construyó la las piramides del sol y la luna?', 3),
(429, '¿Quién fue el sucesor de Lázaro Cárdenas en la presidencia de México?', 3),
(430, '¿En qué año fue la Conquista de México?', 3),
(431, '¿Quién fue el virrey que gobernaba cuando ocurrió la Independencia de México?', 3),
(432, '¿Qué presidente mexicano firmó la Constitución de 1857?', 3),
(433, '¿Qué país apoyó a Maximiliano en su imperio en México?', 3),
(434, '¿En qué año llegó Cristóbal Colón a América?', 3),
(435, '¿Qué personaje fue conocido como "El Siervo de la Nación"?', 3),
(436, '¿En qué ciudad de México se firmó el Plan de Iguala?', 3),
(437, '¿Qué país invadió México en 1846?', 3),
(438, '¿Quién fue el último virrey de la Nueva España?', 3),
(439, '¿Qué cultura mesoamericana es considerada la "cultura madre"?', 3),
(440, '¿Qué ciudad fue capital de los mexicas?', 3),
(441, '¿En qué año fue la expropiación petrolera?', 3),
(442, '¿Qué presidente fue conocido como "El Tata"?', 3),
(443, '¿Qué documento fue la primera Constitución de México?', 3),
(444, '¿Cuál es el símbolo de la bandera de México?', 3),
(445, '¿En qué año fue fusilado Maximiliano de Habsburgo?', 3),
(446, '¿Qué presidente implementó el programa "Plan DN-III"?', 3),
(447, '¿Qué revolucionario fue presidente en 1920 tras la muerte de Carranza?', 3),
(448, '¿Cuál fue la capital del Imperio Mexica?', 3),
(449, '¿En qué año murió Benito Juárez?', 3),
(450, '¿Qué personaje histórico dijo "El respeto al derecho ajeno es la paz"?', 3),
(451, '¿Quién fue el líder insurgente que continuó la lucha tras la muerte de Hidalgo?', 3),
(452, '¿Qué documento redactó Morelos con ideales independentistas?', 3),
(453, '¿En qué año se consumó la Independencia de México?', 3),
(454, '¿Qué personaje firmó los Tratados de Córdoba?', 3),
(455, '¿Quién fue el primer presidente de México tras la Independencia?', 3),
(456, '¿Qué sistema político se estableció tras la Independencia inicialmente?', 3),
(457, '¿Qué año corresponde a la promulgación de la Constitución de 1824?', 3),
(458, '¿Quién fue Antonio López de Santa Anna?', 3),
(459, '¿Qué territorio se perdió tras la guerra con EE.UU.?', 3),
(460, '¿Qué tratado terminó la guerra México-Estados Unidos?', 3),
(461, '¿Quién encabezó el movimiento liberal en la Reforma?', 3),
(462, '¿Qué leyes separaron la Iglesia del Estado?', 3),
(463, '¿Qué país intervino en México en 1862?', 3),
(464, '¿Quién fue el emperador durante el Segundo Imperio?', 3),
(465, '¿Qué presidente defendió la República durante la intervención francesa?', 3),
(466, '¿Qué batalla se ganó el 5 de mayo de 1862?', 3),
(467, '¿Quién gobernó durante el Porfiriato?', 3),
(468, '¿Cuántos años duró aproximadamente el Porfiriato?', 3),
(469, '¿Qué movimiento inició en 1910?', 3),
(470, '¿Quién proclamó el Plan de San Luis?', 3),
(471, '¿Qué líder defendía el sur?', 3),
(472, '¿Qué líder era del norte?', 3),
(473, '¿Qué documento promulgó Carranza en 1917?', 3),
(474, '¿Qué artículo trata sobre tierras en la Constitución?', 3),
(475, '¿Quién fue presidente tras la Revolución?', 3),
(476, '¿Qué periodo siguió a la Revolución?', 3),
(477, '¿Quién fue el Jefe Máximo?', 3),
(478, '¿Qué partido dominó gran parte del siglo XX?', 3),
(479, '¿Quién expropió el petróleo?', 3),
(480, '¿En qué año fue la expropiación petrolera?', 3),
(481, '¿Qué presidente impulsó el reparto agrario?', 3),
(482, '¿Qué conflicto ocurrió entre 1926 y 1929?', 3),
(483, '¿Qué presidente enfrentó la Guerra Cristera?', 3),
(484, '¿Qué evento ocurrió en 1968?', 3),
(485, '¿Dónde ocurrió la matanza de 1968?', 3),
(486, '¿Qué presidente estaba en 1968?', 3),
(487, '¿Qué tratado comercial inició en 1994?', 3),
(488, '¿Qué movimiento surgió en Chiapas en 1994?', 3),
(489, '¿Qué significa EZLN?', 3),
(490, '¿Qué presidente firmó el TLCAN?', 3),
(491, '¿Qué cultura es considerada madre de Mesoamérica?', 3),
(492, '¿Qué cultura construyó Teotihuacán?', 3),
(493, '¿Qué ciudad era capital mexica?', 3),
(494, '¿Qué dios mexica era del sol?', 3),
(495, '¿Qué año cayó Tenochtitlán?', 3),
(496, '¿Qué sistema agrícola usaban los mexicas?', 3),
(497, '¿Qué cultura construyó Monte Albán?', 3),
(498, '¿Qué cultura es la más antigua?', 3),
(499, '¿Qué virreinato existió en México?', 3),
(500, '¿Qué actividad dominaba en la colonia?', 3),
(501, '¿Quién fue el líder insurgente que continuó tras Morelos?', 3),
(502, '¿Qué documento consolidó la Independencia?', 3),
(503, '¿En qué año se firmaron los Tratados de Córdoba?', 3),
(504, '¿Quién fue el último virrey de Nueva España?', 3),
(505, '¿Qué presidente fue indígena zapoteca?', 3),
(506, '¿Qué guerra enfrentó a liberales y conservadores?', 3),
(507, '¿Qué año inició la Reforma?', 3),
(508, '¿Quién apoyó a Maximiliano?', 3),
(509, '¿Quién restauró la República en 1867?', 3),
(510, '¿Qué batalla defendió Puebla en 1862?', 3),
(511, '¿Qué general defendió Puebla?', 3),
(512, '¿Quién fue presidente durante el Porfiriato?', 3),
(513, '¿Qué plan derrocó a Porfirio Díaz?', 3),
(514, '¿Quién inició la Revolución Mexicana?', 3),
(515, '¿En qué año inició la Revolución?', 3),
(516, '¿Qué presidente fue asesinado en la Decena Trágica?', 3),
(517, '¿Quién fue Victoriano Huerta?', 3),
(518, '¿Qué plan proclamó Zapata?', 3),
(519, '¿Qué documento rige México actualmente?', 3),
(520, '¿En qué año se promulgó la Constitución vigente?', 3),
(521, '¿Quién fue el líder del constitucionalismo?', 3),
(522, '¿Qué presidente consolidó el poder tras la Revolución?', 3),
(523, '¿Qué periodo siguió a Obregón?', 3),
(524, '¿Quién fue el Jefe Máximo?', 3),
(525, '¿Qué institución surgió en ese periodo?', 3),
(526, '¿Quién nacionalizó el petróleo?', 3),
(527, '¿Qué año fue la expropiación petrolera?', 3),
(528, '¿Qué presidente impulsó la educación socialista?', 3),
(529, '¿Qué conflicto fue religioso?', 3),
(530, '¿Qué presidente enfrentó ese conflicto?', 3),
(531, '¿Qué evento ocurrió en 1968?', 3),
(532, '¿Dónde ocurrió ese evento?', 3),
(533, '¿Qué presidente gobernaba en 1968?', 3),
(534, '¿Qué tratado inició en 1994?', 3),
(535, '¿Qué movimiento surgió en Chiapas?', 3),
(536, '¿Qué significa EZLN?', 3),
(537, '¿Qué presidente firmó el TLCAN?', 3),
(538, '¿Qué cultura construyó Teotihuacán?', 3),
(539, '¿Qué ciudad era capital mexica?', 3),
(540, '¿Qué dios mexica era del sol?', 3),
(541, '¿Qué año cayó Tenochtitlán?', 3),
(542, '¿Qué sistema agrícola usaban?', 3),
(543, '¿Qué cultura construyó Monte Albán?', 3),
(544, '¿Qué cultura es más antigua?', 3),
(545, '¿Qué virreinato existió?', 3),
(546, '¿Qué actividad dominaba?', 3),
(547, '¿Qué religión predominaba?', 3),
(548, '¿Qué grupo tenía privilegios?', 3),
(549, '¿Qué idioma se impuso?', 3),
(550, '¿Qué periodo fue antes del virreinato?', 3),
(551, '¿Qué cultura habitó antes de la llegada de los españoles?', 3),
(552, '¿Qué civilización dominó el Valle de México antes de los mexicas?', 3),
(553, '¿Qué año inició la conquista de México?', 3),
(554, '¿Quién lideró la expedición española en México?', 3),
(555, '¿Qué pueblo apoyó a los españoles contra los mexicas?', 3),
(556, '¿Qué sistema social existía en la colonia?', 3),
(557, '¿Quién era la máxima autoridad en Nueva España?', 3),
(558, '¿Qué actividad económica fue clave en la colonia?', 3),
(559, '¿Qué religión se impuso en la Nueva España?', 3),
(560, '¿Qué movimiento buscó terminar con el dominio español?', 3),
(561, '¿Quién dio el Grito de Dolores?', 3),
(562, '¿Qué grupo social lideró la independencia?', 3),
(563, '¿Qué documento planteó ideales insurgentes?', 3),
(564, '¿Quién consumó la Independencia?', 3),
(565, '¿Qué forma de gobierno se intentó primero?', 3),
(566, '¿Quién fue emperador tras la independencia?', 3),
(567, '¿Qué sistema se adoptó después del imperio?', 3),
(568, '¿Qué conflicto fue entre liberales y conservadores?', 3),
(569, '¿Qué presidente defendió las leyes de Reforma?', 3),
(570, '¿Qué país invadió México en la segunda intervención?', 3),
(571, '¿Qué personaje gobernó durante el Segundo Imperio?', 3),
(572, '¿Qué periodo fue dominado por Porfirio Díaz?', 3),
(573, '¿Qué caracterizó al Porfiriato?', 3),
(574, '¿Qué plan inició la Revolución?', 3),
(575, '¿Qué líder revolucionario defendía campesinos?', 3),
(576, '¿Qué documento rige actualmente México?', 3),
(577, '¿Qué artículo habla de educación?', 3),
(578, '¿Qué artículo habla de tierras?', 3),
(579, '¿Qué artículo habla del trabajo?', 3),
(580, '¿Qué presidente impulsó reformas agrarias?', 3),
(581, '¿Qué presidente nacionalizó el petróleo?', 3),
(582, '¿Qué conflicto religioso ocurrió en México?', 3),
(583, '¿Qué década ocurrió la Guerra Cristera?', 3),
(584, '¿Qué evento ocurrió en 1968 en México?', 3),
(585, '¿Dónde ocurrió ese evento?', 3),
(586, '¿Qué presidente estaba en 1968?', 3),
(587, '¿Qué tratado comercial inició en 1994?', 3),
(588, '¿Qué movimiento surgió en Chiapas en 1994?', 3),
(589, '¿Qué significa EZLN?', 3),
(590, '¿Qué presidente firmó el TLCAN?', 3),
(591, '¿Qué cultura es considerada madre?', 3),
(592, '¿Qué cultura construyó Teotihuacán?', 3),
(593, '¿Qué ciudad fue capital mexica?', 3),
(594, '¿Qué dios mexica era principal?', 3),
(595, '¿Qué año cayó Tenochtitlán?', 3),
(596, '¿Qué técnica agrícola usaban?', 3),
(597, '¿Qué cultura construyó Monte Albán?', 3),
(598, '¿Qué cultura es la más antigua?', 3),
(599, '¿Qué virreinato existió?', 3),
(600, '¿Qué actividad dominó la colonia?', 3),

(601, '¿Para qué se usa Python?', 4),
(602, '¿Qué significa `print()` en Python?', 4),
(603, '¿Cuál es el símbolo para sumar en Python?', 4),
(604, '¿Qué hace el símbolo `=` en Python?', 4),
(605, '¿Cuál es el resultado de `2 + 3` en Python?', 4),
(606, '¿Cómo se guarda el número 10 en una variable llamada `x`?', 4),
(607, '¿Qué muestra `print("Hola")`?', 4),
(608, '¿Qué significa `#` en Python?', 4),
(609, '¿Qué tipo de dato es `True` en Python?', 4),
(610, '¿Cuál es el valor de `2 * 3`?', 4),
(611, '¿Qué significa `input()` en Python?', 4),
(612, '¿Qué operador se usa para dividir?', 4),
(613, '¿Cuál es el símbolo para restar?', 4),
(614, '¿Cuál es el resultado de `4 + 4`?', 4),
(615, '¿Qué tipo de dato es `"Hola"` en Python?', 4),
(616, '¿Qué muestra `print(5 + 5)`?', 4),
(617, '¿Qué valor tiene `int("10")` en Python?', 4),
(618, '¿Cómo se representa un comentario en Python?', 4),
(619, '¿Qué hace `print("Python")`?', 4),
(620, '¿Qué es una variable en programación?', 4),
(621, '¿Cómo se escribe una lista vacía?', 4),
(622, '¿Cuál es el resultado de `10 / 2`?', 4),
(623, '¿Qué muestra `print("5" + "5")`?', 4),
(624, '¿Cuál es el operador para multiplicar?', 4),
(625, '¿Qué se necesita para crear una función en Python?', 4),
(626, '¿Qué hace `len("Hola")`?', 4),
(627, '¿Cuál de estos es un número entero?', 4),
(628, '¿Cuál es el valor de `2 ** 3`?', 4),
(629, '¿Qué significa `float` en Python?', 4),
(630, '¿Cómo se declara una variable `a` con valor 1?', 4),
(631, '¿Qué hace `print(10 == 10)`?', 4),
(632, '¿Qué significa `bool` en Python?', 4),
(633, '¿Qué tipo de valor es `3.14` en Python?', 4),
(634, '¿Qué hace `print("Hola" * 3)`?', 4),
(635, '¿Qué significa `str()`?', 4),
(636, '¿Cuál es el resultado de `4 % 2`?', 4),
(637, '¿Qué tipo de dato es `None`?', 4),
(638, '¿Qué ciclo recorre los datos de una lista?', 4),
(639, '¿Qué se obtiene con `input()`?', 4),
(640, '¿Cuál es el símbolo para "y" lógico?', 4),
(641, '¿Qué tipo de dato es `[1, 2, 3]`?', 4),
(642, '¿Qué hace el símbolo `!=` en Python?', 4),
(643, '¿Qué tipo de dato es `True` y `False`?', 4),
(644, '¿Qué hace `print("3" + "4")`?', 4),
(645, '¿Cómo se representa el número 10.5?', 4),
(646, '¿Qué hace el código `if`?', 4),
(647, '¿Cuál es el operador lógico "o"?', 4),
(648, '¿Qué tipo de valor es `"Hola"`?', 4),
(649, '¿Qué hace `print(len("hola"))`?', 4),
(650, '¿Cómo se representa un conjunto en Python?', 4),
(651, '¿Qué lenguaje se usa comúnmente para desarrollo web?', 4),
(652, '¿Qué hace `len(lista)` en Python?', 4),
(653, '¿Cuál es el resultado de `5 - 2`?', 4),
(654, '¿Qué símbolo se usa para potencia en Python?', 4),
(655, '¿Qué tipo de dato es 10?', 4),
(656, '¿Qué hace `input()` normalmente devuelve?', 4),
(657, '¿Cuál es el resultado de `3 * 3`?', 4),
(658, '¿Qué estructura repite código varias veces?', 4),
(659, '¿Qué es una lista?', 4),
(660, '¿Qué hace `print()`?', 4),
(661, '¿Cuál es el resultado de `8 / 2`?', 4),
(662, '¿Qué palabra crea funciones?', 4),
(663, '¿Qué tipo de dato es 3.5?', 4),
(664, '¿Qué operador compara igualdad?', 4),
(665, '¿Qué hace `10 % 3`?', 4),
(666, '¿Qué estructura decide entre opciones?', 4),
(667, '¿Qué es un bucle?', 4),
(668, '¿Qué es una cadena?', 4),
(669, '¿Cuál es el resultado de `6 + 4`?', 4),
(670, '¿Qué símbolo es división entera?', 4),
(671, '¿Qué hace `str(10)`?', 4),
(672, '¿Qué tipo es True?', 4),
(673, '¿Cuál es el resultado de `2**2`?', 4),
(674, '¿Qué estructura usa `for`?', 4),
(675, '¿Qué es un programa?', 4),
(676, '¿Qué hace `int("5")`?', 4),
(677, '¿Qué símbolo indica comentario?', 4),
(678, '¿Qué hace `bool(0)`?', 4),
(679, '¿Qué es una variable?', 4),
(680, '¿Qué hace `len("abc")`?', 4),
(681, '¿Cuál es resultado de `7-3`?', 4),
(682, '¿Qué es Python?', 4),
(683, '¿Qué hace `print(2+2)`?', 4),
(684, '¿Qué operador es "y lógico"?', 4),
(685, '¿Qué es una función?', 4),
(686, '¿Qué hace `float(5)`?', 4),
(687, '¿Qué hace `3 > 2`?', 4),
(688, '¿Qué es un error?', 4),
(689, '¿Qué hace `input()`?', 4),
(690, '¿Qué es `[]`?', 4),
(691, '¿Qué hace `5==5`?', 4),
(692, '¿Qué es un algoritmo?', 4),
(693, '¿Qué hace `9//2`?', 4),
(694, '¿Qué es `()` en Python?', 4),
(695, '¿Qué hace `print("Hi"*2)`?', 4),
(696, '¿Qué es un condicional?', 4),
(697, '¿Qué hace `not True`?', 4),
(698, '¿Qué es `{}`?', 4),
(699, '¿Qué hace `4<=5`?', 4),
(700, '¿Qué es programar?', 4),
(701, '¿Qué hace la función `type()` en Python?', 4),
(702, '¿Qué tipo de dato es `False`?', 4),
(703, '¿Cuál es el resultado de `12-5`?', 4),
(704, '¿Qué operador se usa para “o lógico” en Python?', 4),
(705, '¿Qué hace `range(5)` normalmente en un ciclo?', 4),
(706, '¿Qué estructura almacena pares clave-valor?', 4),
(707, '¿Cuál es el resultado de `3+4*2`?', 4),
(708, '¿Qué hace `append()` en una lista?', 4),
(709, '¿Qué significa IDE?', 4),
(710, '¿Qué estructura se usa para repetir mientras una condición sea verdadera?', 4),
(711, '¿Cuál es el resultado de `5>8`?', 4),
(712, '¿Qué método convierte texto a minúsculas en Python?', 4),
(713, '¿Qué hace `len([1,2,3])`?', 4),
(714, '¿Qué tipo de dato es `(1,2)`?', 4),
(715, '¿Cuál es el resultado de `10%4`?', 4),
(716, '¿Qué operador lógico niega una condición?', 4),
(717, '¿Qué hace `remove()` en una lista?', 4),
(718, '¿Qué palabra se usa para importar módulos en Python?', 4),
(719, '¿Cuál es el resultado de `2+2*3`?', 4),
(720, '¿Qué hace `sort()` en una lista?', 4),
(721, '¿Qué es `elif` en Python?', 4),
(722, '¿Qué devuelve `bool("")`?', 4),
(723, '¿Qué hace `split()` en una cadena?', 4),
(724, '¿Qué tipo de dato es `{1,2,3}` en Python?', 4),
(725, '¿Cuál es el resultado de `15//4`?', 4),
(726, '¿Qué hace `max(3,7)`?', 4),
(727, '¿Qué hace `min(3,7)`?', 4),
(728, '¿Qué estructura se usa para guardar muchas líneas bajo un mismo nombre?', 4),
(729, '¿Qué significa depurar un programa?', 4),
(730, '¿Qué hace `input("Nombre: ")`?', 4),
(731, '¿Qué operador se usa para “mayor o igual que”?', 4),
(732, '¿Cuál es el resultado de `6==6`?', 4),
(733, '¿Qué hace `strip()` en una cadena normalmente?', 4),
(734, '¿Qué estructura guarda datos sin orden fijo y sin repetidos?', 4),
(735, '¿Qué hace `sum([1,2,3])`?', 4),
(736, '¿Qué devuelve `type("7")`?', 4),
(737, '¿Cuál es el resultado de `8!=9`?', 4),
(738, '¿Qué palabra se usa para terminar una función devolviendo un valor?', 4),
(739, '¿Qué hace `clear()` en una lista?', 4),
(740, '¿Qué hace `pop()` en una lista normalmente?', 4),
(741, '¿Qué resultado da `len("python")`?', 4),
(742, '¿Qué hace `replace()` en una cadena?', 4),
(743, '¿Qué comando de Git descarga un repositorio existente?', 4),
(744, '¿Qué comando de Git guarda cambios con mensaje?', 4),
(745, '¿Qué comando de Git envía cambios al remoto?', 4),
(746, '¿Qué comando de Git muestra el estado actual?', 4),
(747, '¿Qué significa HTML?', 4),
(748, '¿Qué lenguaje se usa para estilos en páginas web?', 4),
(749, '¿Qué lenguaje se usa mucho para interactividad en la web?', 4),
(750, '¿Qué etiqueta HTML se usa para enlaces?', 4),
(751, '¿Qué etiqueta HTML se usa para imágenes?', 4),
(752, '¿Qué propiedad de CSS cambia el color del texto?', 4),
(753, '¿Qué propiedad de CSS cambia el tamaño del texto?', 4),
(754, '¿Qué etiqueta HTML se usa para el título principal más importante?', 4),
(755, '¿Qué hace `git add`?', 4),
(756, '¿Qué hace `git pull`?', 4),
(757, '¿Qué hace `git branch`?', 4),
(758, '¿Qué hace `git init`?', 4),
(759, '¿Qué significa CSS?', 4),
(760, '¿Qué significa SQL?', 4),
(761, '¿Qué instrucción SQL se usa para consultar datos?', 4),
(762, '¿Qué instrucción SQL se usa para insertar datos?', 4),
(763, '¿Qué instrucción SQL se usa para borrar datos?', 4),
(764, '¿Qué instrucción SQL se usa para modificar datos existentes?', 4),
(765, '¿Qué cláusula SQL se usa para filtrar resultados?', 4),
(766, '¿Qué cláusula SQL se usa para ordenar resultados?', 4),
(767, '¿Qué es una base de datos?', 4),
(768, '¿Qué es una tabla en una base de datos?', 4),
(769, '¿Qué es una fila en una tabla?', 4),
(770, '¿Qué es una columna en una tabla?', 4),
(771, '¿Qué es una clave primaria?', 4),
(772, '¿Qué es una clave foránea?', 4),
(773, '¿Qué comando SQL crea una tabla?', 4),
(774, '¿Qué comando SQL elimina una tabla completa?', 4),
(775, '¿Qué hace una API?', 4),
(776, '¿Qué formato de datos es muy usado en APIs?', 4),
(777, '¿Qué significa JSON?', 4),
(778, '¿Qué método HTTP se usa comúnmente para obtener datos?', 4),
(779, '¿Qué método HTTP se usa comúnmente para enviar datos nuevos?', 4),
(780, '¿Qué método HTTP se usa comúnmente para actualizar datos?', 4),
(781, '¿Qué método HTTP se usa comúnmente para eliminar datos?', 4),
(782, '¿Qué es un servidor?', 4),
(783, '¿Qué es un cliente en informática?', 4),
(784, '¿Qué significa URL?', 4),
(785, '¿Qué es un navegador web?', 4),
(786, '¿Qué es el front-end?', 4),
(787, '¿Qué es el back-end?', 4),
(788, '¿Qué es una contraseña segura?', 4),
(789, '¿Qué conviene evitar al crear una contraseña?', 4),
(790, '¿Qué es un error de sintaxis?', 4),
(791, '¿Qué es un error lógico?', 4),
(792, '¿Qué es depurar código?', 4),
(793, '¿Qué hace `break` en un ciclo?', 4),
(794, '¿Qué hace `continue` en un ciclo?', 4),
(795, '¿Qué hace `pass` en Python?', 4),
(796, '¿Qué hace `open()` en Python normalmente?', 4),
(797, '¿Qué hace `read()` en un archivo?', 4),
(798, '¿Qué hace `close()` en un archivo?', 4),
(799, '¿Qué es pseudocódigo?', 4),
(800, '¿Qué es programar?', 4),

(801, '¿Cuál es el circuito más antiguo?', 5),
(802, '¿Más títulos en la F1?', 5),
(803, '¿Carrera famosa de NASCAR?', 5),
(804, '¿Más títulos de WRC?', 5),
(805, '¿Más victorias Le Mans?', 5),
(806, '¿Primer campeón de la Formula 1?', 5),
(807, '¿Quién es conocido como "Rey de Mónaco"?', 5),
(808, '¿En que año fue la primer carrera de F1?', 5),
(809, '¿Más éxito en WRC?', 5),
(810, '¿Cuál piloto gano el GP de Monaco en 1931?', 5),
(811, '¿Quién tiene más victorias Le Mans?', 5),
(812, '¿En qué circuito se realiza el GP de Canadá "F1"?', 5),
(813, '¿Quién es conocido como "The Intimidator"?', 5),
(814, '¿Cuál de estos es el campeonato de resistencia?', 5),
(815, '¿Cuál circuito es conocido como "Catedral del Automovilismo"?', 5),
(816, '¿Cuál es el piloto con más poles de F1?', 5),
(817, '¿Cuál es el circuito más rápido?', 5),
(818, '¿Cuál es el piloto con más victorias del GP en Italia?', 5),
(819, '¿Qué piloto tiene Triple Corona?', 5),
(820, '¿Cuál es el circuito más corto?', 5),
(821, '¿Quién fue el primer campeón de Formula E?', 5),
(822, '¿Cuál es la carrera de resistencia más antigua?', 5),
(823, '¿Cuál piloto tiene más podios en F1?', 5),
(824, '¿Cuál es el constructor con más títulos de F1?', 5),
(825, '¿Cuál es la distancia en las carreras de F1?', 5),
(826, '¿En qué año apareció ABS en la Formula 1?', 5),
(827, '¿Cuál es el campeón moderno Mercedes?', 5),
(828, '¿Cuál es el circuito con más curvas en la Formula 1?', 5),
(829, '¿Cuál es el piloto con más vueltas rápidas en F1?', 5),
(830, '¿Cuál es el Rally más prestigioso del WRC?', 5),
(831, '¿Dónde se realiza el GP de Interlagos?', 5),
(832, '¿Cuál es el piloto con más títulos consecutivos?', 5),
(833, '¿Donde se lleva a cabo el GP de Italia?', 5),
(834, '¿Cuál es el piloto con más podios en una temporada "F1"?', 5),
(835, '¿Cuál es la carrera más prestigiosa de IndyCar?', 5),
(836, '¿Constructores con más títulos?', 5),
(837, '¿Quién es apodado como "El Profesor"?', 5),
(838, '¿Circuito más largo de WEC?', 5),
(839, '¿Quién es el campeón 2005 y 2006?', 5),
(840, '¿Distancia que se recorre en la carrera de Le Mans?', 5),
(841, '¿Quién tuvo un accidente en 1976?', 5),
(842, '¿Dónde se realiza el GP de Silverstone?', 5),
(843, '¿Cuál campeón se retiro despues de ganar en 2016?', 5),
(844, '¿Quién tine el record de vueltas más rápidas?', 5),
(845, '¿Cuándo se celebro el primer GP de Mónaco?', 5),
(846, '¿Quién logro 14 poles en la temporada de 1992?', 5),
(847, '¿Quien es apodado "El León"?', 5),
(848, '¿Circuito más reciente de Formula 1?', 5),
(849, '¿Cuál fue el primer GP de Canadá en 2007?', 5),
(850, '¿Cuál fue el piloto más joven en debutar en la F1?', 5),
(851, '¿Qué significa ABS en un automóvil?', 5),
(852, '¿Qué hace el aceite del motor?', 5),
(853, '¿Cuál es el combustible más común en autos?', 5),
(854, '¿Qué parte conecta el motor con las ruedas?', 5),
(855, '¿Qué mide el velocímetro?', 5),
(856, '¿Qué indica el tacómetro?', 5),
(857, '¿Qué tipo de motor usa gasolina?', 5),
(858, '¿Qué sistema reduce emisiones contaminantes?', 5),
(859, '¿Qué parte almacena energía eléctrica?', 5),
(860, '¿Qué sistema permite girar el vehículo?', 5),
(861, '¿Qué tipo de llanta es para todo terreno?', 5),
(862, '¿Qué líquido enfría el motor?', 5),
(863, '¿Qué hace el freno?', 5),
(864, '¿Qué sistema absorbe impactos del camino?', 5),
(865, '¿Qué tipo de transmisión cambia automáticamente?', 5),
(866, '¿Qué parte expulsa gases del motor?', 5),
(867, '¿Qué significa RPM?', 5),
(868, '¿Qué sistema ayuda a frenar mejor en curvas?', 5),
(869, '¿Qué tipo de motor usa electricidad?', 5),
(870, '¿Qué parte filtra el aire del motor?', 5),
(871, '¿Qué hace la bujía?', 5),
(872, '¿Qué sistema transmite potencia a ruedas?', 5),
(873, '¿Qué tipo de tracción mueve ruedas delanteras?', 5),
(874, '¿Qué sistema reduce vibraciones?', 5),
(875, '¿Qué mide el nivel de gasolina?', 5),
(876, '¿Qué tipo de vehículo usa dos motores?', 5),
(877, '¿Qué parte enfría el motor con aire?', 5),
(878, '¿Qué sistema mantiene estabilidad?', 5),
(879, '¿Qué tipo de frenos son más comunes?', 5),
(880, '¿Qué parte regula temperatura del motor?', 5),
(881, '¿Qué hace el radiador?', 5),
(882, '¿Qué tipo de energía usa auto eléctrico?', 5),
(883, '¿Qué sistema ayuda en pendientes?', 5),
(884, '¿Qué parte transmite fuerza del motor?', 5),
(885, '¿Qué es un SUV?', 5),
(886, '¿Qué tipo de aceite es más usado?', 5),
(887, '¿Qué sistema controla velocidad?', 5),
(888, '¿Qué parte almacena combustible?', 5),
(889, '¿Qué hace el acelerador?', 5),
(890, '¿Qué tipo de auto usa hidrógeno?', 5),
(891, '¿Qué sistema mejora seguridad en choques?', 5),
(892, '¿Qué parte permite ver atrás?', 5),
(893, '¿Qué hace el volante?', 5),
(894, '¿Qué tipo de auto es más ecológico?', 5),
(895, '¿Qué sistema controla temperatura interna?', 5),
(896, '¿Qué parte da energía inicial?', 5),
(897, '¿Qué hace el embrague en manual?', 5),
(898, '¿Qué tipo de freno usa líquido?', 5),
(899, '¿Qué sistema distribuye aire dentro del auto?', 5),
(900, '¿Qué parte protege al conductor?', 5),
(901, '¿Qué hace el alternador en un auto?', 5),
(902, '¿Qué tipo de motor usa bujías?', 5),
(903, '¿Cuál es la función del embrague?', 5),
(904, '¿Qué sistema evita que las ruedas patinen?', 5),
(905, '¿Qué indica la luz de check engine?', 5),
(906, '¿Qué parte del auto contiene el pistón?', 5),
(907, '¿Qué tipo de combustible usa un motor diésel?', 5),
(908, '¿Qué sistema mantiene el motor a temperatura adecuada?', 5),
(909, '¿Qué hace el cinturón de seguridad?', 5),
(910, '¿Qué parte del auto cambia la dirección de las ruedas?', 5),
(911, '¿Qué tipo de tracción impulsa las 4 ruedas?', 5),
(912, '¿Qué sistema usa discos y pastillas?', 5),
(913, '¿Qué hace el aceite de transmisión?', 5),
(914, '¿Qué mide el odómetro?', 5),
(915, '¿Qué tipo de motor no usa combustible fósil?', 5),
(916, '¿Qué parte elimina gases del motor?', 5),
(917, '¿Qué hace el filtro de aceite?', 5),
(918, '¿Qué tipo de caja cambia sin intervención del conductor?', 5),
(919, '¿Qué sistema ayuda a mantener el control en curvas?', 5),
(920, '¿Qué parte conecta ruedas con el chasis?', 5),
(921, '¿Qué hace el radiador?', 5),
(922, '¿Qué tipo de combustible es más eficiente?', 5),
(923, '¿Qué parte genera chispa?', 5),
(924, '¿Qué sistema mejora la seguridad en frenado?', 5),
(925, '¿Qué indica la aguja de temperatura?', 5),
(926, '¿Qué hace el volante?', 5),
(927, '¿Qué tipo de freno usa aire?', 5),
(928, '¿Qué sistema usa sensores para estacionar?', 5),
(929, '¿Qué parte guarda energía?', 5),
(930, '¿Qué hace el acelerador?', 5),
(931, '¿Qué tipo de motor combina dos energías?', 5),
(932, '¿Qué sistema protege en impactos?', 5),
(933, '¿Qué parte permite ver atrás?', 5),
(934, '¿Qué hace la transmisión?', 5),
(935, '¿Qué tipo de aceite dura más?', 5),
(936, '¿Qué sistema controla velocidad constante?', 5),
(937, '¿Qué parte contiene combustible?', 5),
(938, '¿Qué hace el clutch?', 5),
(939, '¿Qué tipo de llanta es para lluvia?', 5),
(940, '¿Qué sistema distribuye potencia?', 5),
(941, '¿Qué hace el sensor de oxígeno?', 5),
(942, '¿Qué tipo de auto no contamina directamente?', 5),
(943, '¿Qué sistema mejora agarre?', 5),
(944, '¿Qué parte cubre el motor?', 5),
(945, '¿Qué hace el escape?', 5),
(946, '¿Qué tipo de vehículo es pickup?', 5),
(947, '¿Qué sistema usa líquido de frenos?', 5),
(948, '¿Qué parte enciende el auto?', 5),
(949, '¿Qué hace el tablero?', 5),
(950, '¿Qué tipo de auto es sedán?', 5),
(951, '¿Qué hace el catalizador en un auto?', 5),
(952, '¿Qué tipo de motor usa chispa para funcionar?', 5),
(953, '¿Qué parte regula el flujo de aire al motor?', 5),
(954, '¿Qué sistema mantiene las ruedas alineadas?', 5),
(955, '¿Qué hace el sensor de temperatura?', 5),
(956, '¿Qué parte almacena combustible?', 5),
(957, '¿Qué tipo de tracción empuja las ruedas traseras?', 5),
(958, '¿Qué sistema protege en caso de choque?', 5),
(959, '¿Qué hace el filtro de aire?', 5),
(960, '¿Qué mide el indicador de combustible?', 5),
(961, '¿Qué parte enciende la mezcla de combustible?', 5),
(962, '¿Qué sistema usa líquido para frenar?', 5),
(963, '¿Qué hace el alternador?', 5),
(964, '¿Qué tipo de transmisión requiere cambios manuales?', 5),
(965, '¿Qué sistema ayuda a mantener estabilidad?', 5),
(966, '¿Qué parte conecta motor con ruedas?', 5),
(967, '¿Qué hace el aceite del motor?', 5),
(968, '¿Qué tipo de auto usa batería como energía principal?', 5),
(969, '¿Qué sistema reduce vibraciones?', 5),
(970, '¿Qué parte expulsa gases?', 5),
(971, '¿Qué hace el volante?', 5),
(972, '¿Qué tipo de freno usa discos?', 5),
(973, '¿Qué sistema usa sensores para estabilidad?', 5),
(974, '¿Qué parte protege estructura del auto?', 5),
(975, '¿Qué hace el pedal del acelerador?', 5),
(976, '¿Qué tipo de aceite es más resistente?', 5),
(977, '¿Qué sistema controla velocidad automática?', 5),
(978, '¿Qué parte guarda energía eléctrica?', 5),
(979, '¿Qué hace el sistema ABS?', 5),
(980, '¿Qué tipo de motor usa diésel?', 5),
(981, '¿Qué sistema mejora agarre en lluvia?', 5),
(982, '¿Qué parte cubre el motor?', 5),
(983, '¿Qué hace el sistema de escape?', 5),
(984, '¿Qué tipo de vehículo es SUV?', 5),
(985, '¿Qué sistema usa líquido para frenos?', 5),
(986, '¿Qué parte enciende el vehículo?', 5),
(987, '¿Qué hace el tablero?', 5),
(988, '¿Qué tipo de auto es hatchback?', 5),
(989, '¿Qué sistema regula temperatura interna?', 5),
(990, '¿Qué parte enfría el motor?', 5),
(991, '¿Qué hace el embrague?', 5),
(992, '¿Qué tipo de energía usa auto híbrido?', 5),
(993, '¿Qué sistema protege en accidentes?', 5),
(994, '¿Qué parte permite ver hacia atrás?', 5),
(995, '¿Qué hace la suspensión?', 5),
(996, '¿Qué tipo de tracción es 4x4?', 5),
(997, '¿Qué sistema controla dirección?', 5),
(998, '¿Qué parte almacena combustible?', 5),
(999, '¿Qué hace el cinturón de seguridad?', 5),
(1000, '¿Qué tipo de auto es eléctrico?', 5),


INSERT INTO `opciones` (`id_opcion`, `id_pregunta`, `opcion_1`, `opcion_2`, `opcion_3`, `opcion_4`, `es_correcta`) VALUES
(1, 1, '7,620', '7,623', '7,621', '7,629', 2),
(2, 2, '10', '14', '13', '12', 4),
(3, 3, '1/2', '1/8', '1/4', '1/3', 1),
(4, 4, '20', '50', '200', '100', 4),
(5, 5, '45 grados', '60 grados', '30 grados', '50 grados', 1),
(6, 6, '100', '50', '40', '60', 2),
(7, 7, '10', '15', '20', '25', 1),
(8, 8, '752.71', '753.75', '753.70', '753.76', 2),
(9, 9, 'Equilátero', 'Rectángulo', 'Isósceles', 'Escaleno', 2),
(10, 10, '40 km/h', '60 km/h', '80 km/h', '90 km/h', 2),
(11, 11, '1/2', '3/4', '2/3', '1/4', 2),
(12, 12, '6', '8', '10', '12', 2),
(13, 13, '12 cm²', '36 cm²', '24 cm²', '18 cm²', 2),
(14, 14, '20', '30', '45', '60', 3),
(15, 15, '6', '9', '12', '27', 4),
(16, 16, '32.8', '32', '31.8', '32.5', 1),
(17, 17, '45°', '90°', '60°', '120°', 2),
(18, 18, '90°', '180°', '45°', '30°', 1),
(19, 19, '324', '325', '328', '320', 2),
(20, 20, '3.1415926', '3.1416923', '3.1415920', '3.1415921', 2),
(21, 21, '1/3', '1/4', '1/2', '2/5', 2),
(22, 22, '56.22', '56.25', '56.20', '55.25', 2),
(23, 23, '4 cm', '6 cm', '5 cm', '8 cm', 3),
(24, 24, '50', '60', '65', '55', 2),
(25, 25, '8 cm', '10 cm', '5 cm', '15 cm', 3),
(26, 26, '839', '810', '819', '829', 3),
(27, 27, '50%', '75%', '100%', '60%', 2),
(28, 28, '500 ml', '1000 ml', '750 ml', '1500 ml', 2),
(29, 29, '300 cm', '30 cm', '3000 cm', '100 cm', 1),
(30, 30, '512', '508', '510', '528 gramos', 1),
(31, 31, '5', '10', '15', '20', 2),
(32, 32, '120', '180', '240', '150', 2),
(33, 33, '158.50', '158.51', '158.53', '158.54', 2),
(34, 34, '5', '6', '7', '8', 3),
(35, 35, 'A = 2πr', 'A = πr²', 'A = πr', 'A = 2πr²', 2),
(36, 36, '3/8', '5/8', '4/8', '2/8', 2),
(37, 37, '3600', '4000', '1800', '2400', 1),
(38, 38, '362.4', '360.1', '362.2', '362.0', 1),
(39, 39, '15 cm', '20 cm', '25 cm', '18 cm', 2),
(40, 40, '85.0', '85.2', '85.5', '85.7', 2),
(41, 41, '1/5', '2/5', '3/5', '4/5', 2),
(42, 42, '0.5 kg', '1 kg', '1.5 kg', '2 kg', 2),
(43, 43, '40 km/h', '50 km/h', '60 km/h', '80 km/h', 3),
(44, 44, '50 cm', '100 cm', '150 cm', '200 cm', 2),
(45, 45, '0.5', '0.25', '0.75', '1.25', 3),
(46, 46, '720', '600', '540', '480', 1),
(47, 47, '482', '488', '486', '486', 2),
(48, 48, '5', '6', '7', '8', 2),
(49, 49, 'Isósceles', 'Escaleno', 'Rectángulo', 'Equilátero', 3),
(50, 50, '1/2', '2/2', '3/2', '4/2', 1),
(51, 51, '108', '98', '118', '128', 1),
(52, 52, '10', '12', '14', '16', 2),
(53, 53, '6', '7', '8', '9', 3),
(54, 54, '24 cm', '28 cm', '30 cm', '32 cm', 4),
(55, 55, '20', '15', '25', '30', 1),
(56, 56, '84', '91', '88', '95', 2),
(57, 57, '40 cm²', '45 cm²', '50 cm²', '55 cm²', 3),
(58, 58, '6', '7', '9', '8', 4),
(59, 59, '81', '72', '90', '99', 1),
(60, 60, '46', '48', '50', '52', 2),
(61, 61, '25', '100', '125', '150', 3),
(62, 62, '80', '82', '84', '83', 4),
(63, 63, '13', '14', '15', '16', 3),
(64, 64, '10', '11', '12', '13', 3),
(65, 65, '40', '45', '50', '55', 2),
(66, 66, '64', '60', '68', '72', 1),
(67, 67, '21 cm', '28 cm', '35 cm', '14 cm', 2),
(68, 68, '64', '60', '70', '80', 1),
(69, 69, '6', '7', '8', '9', 3),
(70, 70, '111', '121', '131', '141', 2),
(71, 71, '43', '42', '44', '45', 1),
(72, 72, '54', '74', '84', '64', 4),
(73, 73, '20', '25', '30', '35', 2),
(74, 74, '20', '25', '30', '35', 3),
(75, 75, '108', '98', '118', '128', 1),
(76, 76, '90', '95', '100', '105', 2),
(77, 77, '11', '12', '13', '14', 3),
(78, 78, '7', '8', '10', '9', 4),
(79, 79, '54', '56', '58', '60', 2),
(80, 80, '115', '120', '125', '130', 3),
(81, 81, '100', '90', '110', '120', 1),
(82, 82, '20', '25', '30', '35', 3),
(83, 83, '84', '80', '90', '88', 1),
(84, 84, '190', '200', '210', '220', 2),
(85, 85, '81 cm²', '72 cm²', '90 cm²', '100 cm²', 1),
(86, 86, '314', '334', '344', '324', 4),
(87, 87, '7', '8', '9', '10', 3),
(88, 88, '10', '12', '14', '16', 2),
(89, 89, '82', '83', '84', '85', 2),
(90, 90, '75', '70', '80', '85', 1),
(91, 91, '60', '55', '65', '70', 1),
(92, 92, '6', '7', '8', '9', 3),
(93, 93, '100', '90', '110', '120', 1),
(94, 94, '6', '8', '9', '12', 3),
(95, 95, '10', '15', '20', '25', 3),
(96, 96, '42', '40', '44', '48', 1),
(97, 97, '6', '7', '9', '8', 4),
(98, 98, '90', '95', '100', '105', 3),
(99, 99, '99', '98', '100', '101', 1),
(100, 100, '5', '10', '15', '20', 2),
(101, 101, '80', '84', '86', '88', 4),
(102, 102, '12', '14', '15', '16', 2),
(103, 103, '20', '25', '30', '35', 3),
(104, 104, '124', '140', '150', '144', 4),
(105, 105, '20', '18', '25', '30', 1),
(106, 106, '48', '49', '51', '50', 3),
(107, 107, '42', '44', '48', '46', 3),
(108, 108, '25', '26', '27', '28', 3),
(109, 109, '40', '41', '42', '43', 3),
(110, 110, '50', '60', '65', '55', 2),
(111, 111, '30', '31', '35', '33', 3),
(112, 112, '90', '92', '95', '94', 3),
(113, 113, '14', '15', '16', '17', 3),
(114, 114, '8', '9', '10', '11', 3),
(115, 115, '25', '28', '30', '32', 3),
(116, 116, '36', '38', '39', '37', 2),
(117, 117, '30', '32', '34', '36', 4),
(118, 118, '81', '80', '82', '83', 1),
(119, 119, '6', '7', '8', '9', 2),
(120, 120, '150', '160', '169', '165', 3),
(121, 121, '61', '62', '63', '64', 3),
(122, 122, '200', '210', '216', '215', 3),
(123, 123, '18', '19', '20', '21', 3),
(124, 124, '35', '38', '40', '42', 3),
(125, 125, '90', '92', '98', '96', 3),
(126, 126, '95', '98', '100', '102', 3),
(127, 127, '10', '11', '12', '9', 2),
(128, 128, '10', '11', '12', '13', 3),
(129, 129, '70', '71', '72', '73', 3),
(130, 130, '170', '172', '175', '174', 3),
(131, 131, '100', '110', '121', '115', 3),
(132, 132, '25', '28', '30', '35', 3),
(133, 133, '75', '78', '80', '82', 3),
(134, 134, '280', '290', '300', '295', 3),
(135, 135, '90', '95', '100', '110', 3),
(136, 136, '420', '430', '441', '440', 3),
(137, 137, '8', '9', '10', '7', 2),
(138, 138, '12', '13', '14', '15', 3),
(139, 139, '60', '61', '63', '62', 3),
(140, 140, '70', '71', '72', '73', 3),
(141, 141, '38', '39', '40', '41', 3),
(142, 142, '9', '10', '8', '11', 1),
(143, 143, '90', '95', '100', '105', 3),
(144, 144, '14', '15', '16', '17', 3),
(145, 145, '25', '28', '30', '32', 3),
(146, 146, '34', '35', '36', '37', 3),
(147, 147, '8', '9', '7', '10', 1),
(148, 148, '115', '118', '120', '125', 3),
(149, 149, '120', '125', '132', '130', 3),
(150, 150, '7', '8', '9', '10', 4),
(151, 151, '72', '70', '74', '76', 1),
(152, 152, '15', '17', '18', '16', 2),
(153, 153, '25', '28', '30', '32', 3),
(154, 154, '160', '165', '168', '169', 4),
(155, 155, '50', '40', '60', '55', 1),
(156, 156, '40', '42', '44', '46', 2),
(157, 157, '32', '34', '36', '38', 3),
(158, 158, '7', '8', '9', '10', 3),
(159, 159, '96', '90', '100', '104', 1),
(160, 160, '70', '75', '80', '85', 2),
(161, 161, '60', '62', '64', '66', 3),
(162, 162, '95', '100', '105', '110', 2),
(163, 163, '16', '17', '18', '19', 3),
(164, 164, '8', '9', '10', '11', 3),
(165, 165, '9', '8', '10', '11', 1),
(166, 166, '90', '95', '100', '105', 3),
(167, 167, '20', '22', '24', '26', 3),
(168, 168, '49', '45', '50', '55', 1),
(169, 169, '14', '15', '16', '17', 3),
(170, 170, '130', '135', '140', '145', 2),
(171, 171, '110', '100', '120', '130', 1),
(172, 172, '100', '120', '125', '130', 3),
(173, 173, '10', '11', '12', '13', 3),
(174, 174, '50', '55', '60', '65', 3),
(175, 175, '132', '120', '130', '140', 1),
(176, 176, '90', '100', '110', '120', 2),
(177, 177, '18', '19', '20', '21', 3),
(178, 178, '16', '17', '18', '19', 3),
(179, 179, '70', '72', '74', '76', 2),
(180, 180, '110', '120', '125', '130', 3),
(181, 181, '81', '80', '82', '84', 1),
(182, 182, '35', '40', '45', '50', 2),
(183, 183, '85', '88', '90', '95', 3),
(184, 184, '450', '480', '490', '500', 4),
(185, 185, '110', '115', '120', '121', 4),
(186, 186, '190', '192', '196', '198', 3),
(187, 187, '10', '11', '12', '13', 3),
(188, 188, '14', '15', '16', '17', 3),
(189, 189, '95', '98', '100', '105', 3),
(190, 190, '75', '76', '78', '80', 3),
(191, 191, '49', '48', '50', '52', 1),
(192, 192, '4', '5', '6', '7', 2),
(193, 193, '140', '145', '150', '155', 3),
(194, 194, '20', '22', '24', '25', 4),
(195, 195, '35', '38', '40', '42', 3),
(196, 196, '48', '46', '50', '52', 1),
(197, 197, '10', '11', '12', '13', 3),
(198, 198, '95', '98', '100', '105', 3),
(199, 199, '108', '106', '110', '112', 1),
(200, 200, '6', '7', '8', '9', 3),

(201, 201, 'Nilo', 'Amazonas', 'Yangtsé', 'Misisipi', 2),
(202, 202, 'Asia', 'África', 'América', 'Oceanía', 2),
(203, 203, 'Atlántico', 'Índico', 'Pacífico', 'Ártico', 3),
(204, 204, 'Japón', 'Suecia', 'Filipinas', 'Noruega', 2),
(205, 205, 'China', 'Japón', 'Corea del Sur', 'Mongolia', 1),
(206, 206, 'Toronto', 'Vancouver', 'Ottawa', 'Montreal', 3),
(207, 207, 'Ciudad del Vaticano', 'Mónaco', 'San Marino', 'Liechtenstein', 1),
(208, 208, 'India', 'Nepal', 'China', 'Pakistán', 2),
(209, 209, 'Egipto', 'Nigeria', 'Sudáfrica', 'Etiopía', 2),
(210, 210, 'Rusia', 'Canadá', 'China', 'Estados Unidos', 1),
(211, 211, 'Argentina', 'Brasil', 'Perú', 'Colombia', 2),
(212, 212, 'Sídney', 'Melbourne', 'Brisbane', 'Canberra', 4),
(213, 213, 'China', 'Japón', 'Corea del Sur', 'Tailandia', 2),
(214, 214, 'Asia', 'África', 'América del Sur', 'Europa', 2),
(215, 215, 'Alemania', 'Suiza', 'Francia', 'España', 2),
(216, 216, 'Alejandría', 'Luxor', 'El Cairo', 'Asuán', 3),
(217, 217, 'Antártida', 'Oceanía', 'Europa', 'África', 1),
(218, 218, 'Canadá', 'Suecia', 'Finlandia', 'Rusia', 1),
(219, 219, 'Egipto', 'Argelia', 'Sudáfrica', 'Nigeria', 2),
(220, 220, 'Río de Janeiro', 'Sao Paulo', 'Brasilia', 'Salvador', 3),
(221, 221, 'Arabia Saudita', 'Omán', 'Irak', 'Egipto', 1),
(222, 222, 'China', 'India', 'Estados Unidos', 'Indonesia', 1),
(223, 223, 'Atlántico', 'Índico', 'Pacífico', 'Ártico', 2),
(224, 224, 'Andes', 'Himalayas', 'Montañas Rocosas', 'Montes Urales', 4),
(225, 225, 'Buenos Aires', 'Santiago', 'Lima', 'Montevideo', 1),
(226, 226, 'Perú', 'Chile', 'Argentina', 'Brasil', 2),
(227, 227, 'Desierto de Gobi', 'Desierto del Sahara', 'Desierto de Kalahari', 'Desierto de Atacama', 2),
(228, 228, 'Italia', 'Francia', 'España', 'Alemania', 2),
(229, 229, 'Lago Titicaca', 'Lago Maracaibo', 'Lago Poopó', 'Lago de Valencia', 1),
(230, 230, 'Milán', 'Venecia', 'Roma', 'Florencia', 3),
(231, 231, 'Japón', 'Indonesia', 'México', 'Estados Unidos', 2),
(232, 232, 'San Petersburgo', 'Kiev', 'Moscú', 'Kazan', 3),
(233, 233, 'Europa', 'Asia', 'América', 'Oceanía', 1),
(234, 234, 'Mumbai', 'Nueva Delhi', 'Bangalore', 'Calcuta', 2),
(235, 235, 'Osaka', 'Kioto', 'Hiroshima', 'Tokio', 4),
(236, 236, 'Europa', 'América', 'Oceanía', 'Asia', 1),
(237, 237, 'Nepal', 'China', 'Pakistán', 'India', 1),
(238, 238, 'Español', 'Inglés', 'Portugués', 'Francés', 3),
(239, 239, 'Grecia', 'España', 'Italia', 'Turquía', 3),
(240, 240, 'Asia', 'Oceanía', 'Europa', 'América', 2),
(241, 241, 'Valle de la Muerte', 'Mar Muerto', 'Lago Baikal', 'Gran Cañón', 2),
(242, 242, 'Hamburgo', 'Berlín', 'Múnich', 'Frankfurt', 2),
(243, 243, 'Canadá', 'Rusia', 'China', 'Estados Unidos', 2),
(244, 244, 'Canadá', 'México', 'Rusia', 'Brasil', 1),
(245, 245, 'Canadá', 'Estados Unidos', 'Brasil', 'México', 2),
(246, 246, 'Sahara', 'Antártida', 'Gobi', 'Kalahari', 2),
(247, 247, 'Alemania', 'Portugal', 'Italia', 'España', 2),
(248, 248, 'Venezuela', 'Brasil', 'Argentina', 'Colombia', 2),
(249, 249, 'Atenas', 'Salónica', 'Heraclión', 'Patras', 1),
(250, 250, 'Mar Negro', 'Mar Báltico', 'Mar Mediterráneo', 'Mar del Norte', 3),
(251, 251, 'Oslo', 'Bergen', 'Stavanger', 'Trondheim', 1),
(252, 252, 'Asia', 'África', 'Oceanía', 'Europa', 2),
(253, 253, 'Estambul', 'Esmirna', 'Ankara', 'Bursa', 3),
(254, 254, 'Grecia', 'Portugal', 'España', 'Italia', 4),
(255, 255, 'Volga', 'Danubio', 'Rin', 'Támesis', 1),
(256, 256, 'Atlántico', 'Índico', 'Pacífico', 'Ártico', 2),
(257, 257, 'Valparaíso', 'Concepción', 'Santiago', 'La Serena', 3),
(258, 258, 'Australia', 'Fiyi', 'Samoa', 'Nueva Zelanda', 4),
(259, 259, 'Australia', 'Nueva Zelanda', 'Papúa Nueva Guinea', 'Indonesia', 1),
(260, 260, 'Europa', 'América', 'Asia', 'África', 2),
(261, 261, 'Oporto', 'Braga', 'Lisboa', 'Coímbra', 3),
(262, 262, 'Hungría', 'Rumania', 'Chequia', 'Polonia', 4),
(263, 263, 'Lago Baikal', 'Lago Superior', 'Lago Victoria', 'Lago Tanganica', 1),
(264, 264, 'Asia', 'Europa', 'Oceanía', 'América', 2),
(265, 265, 'Bali', 'Bandung', 'Surabaya', 'Yakarta', 4),
(266, 266, 'Mar Rojo', 'Mar Negro', 'Mar Caspio', 'Mar Arábigo', 1),
(267, 267, 'Suiza', 'Austria', 'Hungría', 'Alemania', 2),
(268, 268, 'Busan', 'Incheon', 'Seúl', 'Daegu', 3),
(269, 269, 'Austria', 'Croacia', 'Eslovaquia', 'Hungría', 4),
(270, 270, 'Desierto de Atacama', 'Desierto del Sahara', 'Desierto de Gobi', 'Desierto de Kalahari', 1),
(271, 271, 'Asia', 'Europa', 'África', 'Oceanía', 2),
(272, 272, 'Medellín', 'Cali', 'Bogotá', 'Barranquilla', 3),
(273, 273, 'Suecia', 'Noruega', 'Finlandia', 'Dinamarca', 4),
(274, 274, 'Misisipi-Misuri', 'Río Bravo', 'Yukón', 'San Lorenzo', 1),
(275, 275, 'Atlántico', 'Pacífico', 'Índico', 'Ártico', 2),
(276, 276, 'Casablanca', 'Fez', 'Rabat', 'Tánger', 3),
(277, 277, 'Perú', 'Chile', 'Paraguay', 'Bolivia', 4),
(278, 278, 'Argelia', 'Sudáfrica', 'Libia', 'Nigeria', 1),
(279, 279, 'Europa', 'Asia', 'África', 'Oceanía', 2),
(280, 280, 'Gotemburgo', 'Malmö', 'Estocolmo', 'Upsala', 3),
(281, 281, 'Indonesia', 'Malasia', 'Tailandia', 'Filipinas', 4),
(282, 282, 'Aconcagua', 'Denali', 'Huascarán', 'Chimborazo', 1),
(283, 283, 'Índico', 'Atlántico', 'Pacífico', 'Ártico', 2),
(284, 284, 'Brujas', 'Amberes', 'Bruselas', 'Gante', 3),
(285, 285, 'Panamá', 'Honduras', 'Nicaragua', 'Costa Rica', 4),
(286, 286, 'Surinam', 'Uruguay', 'Guyana', 'Ecuador', 1),
(287, 287, 'Europa', 'Asia', 'África', 'Oceanía', 2),
(288, 288, 'Santiago de Cuba', 'Camagüey', 'La Habana', 'Holguín', 3),
(289, 289, 'Uganda', 'Tanzania', 'Etiopía', 'Kenia', 4),
(290, 290, 'Océano Pacífico', 'Océano Atlántico', 'Océano Índico', 'Océano Ártico', 1),
(291, 291, 'Europa', 'América', 'Asia', 'Oceanía', 2),
(292, 292, 'Ginebra', 'Zúrich', 'Berna', 'Basilea', 3),
(293, 293, 'Omán', 'Baréin', 'Kuwait', 'Qatar', 4),
(294, 294, 'Rusia', 'Alemania', 'Francia', 'Reino Unido', 1),
(295, 295, 'Pacífico', 'Atlántico', 'Índico', 'Ártico', 2),
(296, 296, 'Mombasa', 'Kisumu', 'Nairobi', 'Nakuru', 3),
(297, 297, 'Uzbekistán', 'Kirguistán', 'Tayikistán', 'Kazajistán', 4),
(298, 298, 'Canal de Suez', 'Canal de Panamá', 'Canal de Corinto', 'Canal de Kiel', 1),
(299, 299, 'Europa', 'América', 'Asia', 'África', 2),
(300, 300, 'Maracaibo', 'Valencia', 'Caracas', 'Barquisimeto', 3),
(301, 301, 'Bangkok', 'Phuket', 'Chiang Mai', 'Pattaya', 1),
(302, 302, 'Asia', 'Europa', 'América', 'Oceanía', 2),
(303, 303, 'Ganges', 'Indo', 'Yangtsé', 'Mekong', 3),
(304, 304, 'Noruega', 'Suecia', 'Dinamarca', 'Finlandia', 4),
(305, 305, 'Rusia', 'Alemania', 'Francia', 'España', 1),
(306, 306, 'Atlántico', 'Índico', 'Pacífico', 'Ártico', 2),
(307, 307, 'Cusco', 'Arequipa', 'Lima', 'Trujillo', 3),
(308, 308, 'Suecia', 'Dinamarca', 'Islandia', 'Noruega', 4),
(309, 309, 'Victoria', 'Tanganica', 'Malawi', 'Chad', 1),
(310, 310, 'Europa', 'Asia', 'África', 'Oceanía', 2),
(311, 311, 'Karachi', 'Lahore', 'Islamabad', 'Multan', 3),
(312, 312, 'Italia', 'Turquía', 'Chipre', 'Grecia', 4),
(313, 313, 'Kilimanjaro', 'Monte Kenia', 'Atlas', 'Drakensberg', 1),
(314, 314, 'Pacífico', 'Atlántico', 'Índico', 'Ártico', 2),
(315, 315, 'Cebú', 'Dávao', 'Manila', 'Quezón', 3),
(316, 316, 'Austria', 'Alemania', 'Francia', 'Suiza', 4),
(317, 317, 'Nicaragua', 'Honduras', 'Guatemala', 'Panamá', 1),
(318, 318, 'Europa', 'Asia', 'África', 'Oceanía', 2),
(319, 319, 'Guayaquil', 'Cuenca', 'Quito', 'Loja', 3),
(320, 320, 'Reino Unido', 'Islandia', 'Noruega', 'Irlanda', 4),
(321, 321, 'Gobi', 'Thar', 'Karakum', 'Taklamakán', 1),
(322, 322, 'Atlántico', 'Pacífico', 'Índico', 'Ártico', 2),
(323, 323, 'Debrecen', 'Szeged', 'Budapest', 'Pécs', 3),
(324, 324, 'Austria', 'Polonia', 'Hungría', 'República Checa', 4),
(325, 325, 'Nilo', 'Congo', 'Níger', 'Zambeze', 1),
(326, 326, 'Europa', 'América', 'Asia', 'Oceanía', 2),
(327, 327, 'Aarhus', 'Odense', 'Copenhague', 'Esbjerg', 3),
(328, 328, 'Vietnam', 'Laos', 'Camboya', 'Tailandia', 4),
(329, 329, 'Arabia Saudita', 'Irán', 'Irak', 'Turquía', 1),
(330, 330, 'Atlántico', 'Pacífico', 'Índico', 'Ártico', 2),
(331, 331, 'Santa Cruz', 'Cochabamba', 'Sucre', 'La Paz', 3),
(332, 332, 'Sudán', 'Libia', 'Argelia', 'Egipto', 4),
(333, 333, 'Groenlandia', 'Nueva Guinea', 'Borneo', 'Madagascar', 1),
(334, 334, 'Asia', 'África', 'Europa', 'Oceanía', 2),
(335, 335, 'Novi Sad', 'Niš', 'Belgrado', 'Kragujevac', 3),
(336, 336, 'Colombia', 'Perú', 'Chile', 'Venezuela', 4),
(337, 337, 'Murray', 'Darling', 'Fly', 'Sepik', 1),
(338, 338, 'Atlántico', 'Índico', 'Pacífico', 'Ártico', 2),
(339, 339, 'Ciudad del Este', 'Encarnación', 'Asunción', 'Luque', 3),
(340, 340, 'Chile', 'Ecuador', 'Bolivia', 'Perú', 4),
(341, 341, 'Brasil', 'Argentina', 'Colombia', 'Perú', 1),
(342, 342, 'Europa', 'Asia', 'África', 'Oceanía', 2),
(343, 343, 'Split', 'Rijeka', 'Zagreb', 'Dubrovnik', 3),
(344, 344, 'Argelia', 'Túnez', 'Libia', 'Marruecos', 4),
(345, 345, 'Pico de Orizaba', 'Popocatépetl', 'Iztaccíhuatl', 'Nevado de Toluca', 1),
(346, 346, 'Atlántico', 'Índico', 'Pacífico', 'Ártico', 2),
(347, 347, 'Cluj', 'Timișoara', 'Bucarest', 'Iași', 3),
(348, 348, 'Serbia', 'Grecia', 'Rumania', 'Bulgaria', 4),
(349, 349, 'Estrecho de Gibraltar', 'Canal de Suez', 'Estrecho de Bering', 'Canal de Panamá', 1),
(350, 350, 'Europa', 'América', 'Asia', 'África', 2),
(351, 351, 'Abuya', 'Lagos', 'Kano', 'Ibadan', 1),
(352, 352, 'Europa', 'América', 'Asia', 'Oceanía', 2),
(353, 353, 'Darling', 'Murray', 'Fly', 'Sepik', 2),
(354, 354, 'Japón', 'China', 'Corea del Norte', 'Corea del Sur', 4),
(355, 355, 'China', 'India', 'Kazajistán', 'Rusia', 4),
(356, 356, 'Atlántico', 'Pacífico', 'Índico', 'Ártico', 1),
(357, 357, 'Johannesburgo', 'Durban', 'Ciudad del Cabo', 'Pretoria', 4),
(358, 358, 'Irak', 'Turquía', 'Pakistán', 'Irán', 4),
(359, 359, 'Lago Ladoga', 'Lago Onega', 'Lago Balatón', 'Lago Ginebra', 1),
(360, 360, 'Europa', 'Asia', 'África', 'Oceanía', 2),
(361, 361, 'Addis Abeba', 'Adís Abeba', 'Dire Dawa', 'Gondar', 2),
(362, 362, 'Chile', 'Bolivia', 'Ecuador', 'Perú', 4),
(363, 363, 'Mont Blanc', 'Elbrus', 'Matterhorn', 'Dolomitas', 2),
(364, 364, 'Atlántico', 'Índico', 'Pacífico', 'Ártico', 3),
(365, 365, 'Salzburgo', 'Graz', 'Viena', 'Linz', 3),
(366, 366, 'Noruega', 'Suecia', 'Dinamarca', 'Finlandia', 4),
(367, 367, 'Egipto', 'Nigeria', 'Etiopía', 'Sudáfrica', 2),
(368, 368, 'Europa', 'Asia', 'África', 'Oceanía', 2),
(369, 369, 'Bergen', 'Oslo', 'Trondheim', 'Stavanger', 2),
(370, 370, 'Irán', 'Pakistán', 'Afganistán', 'India', 3),
(371, 371, 'Amazonas', 'Paraná', 'Orinoco', 'Magdalena', 1),
(372, 372, 'Atlántico', 'Pacífico', 'Índico', 'Ártico', 1),
(373, 373, 'Tampere', 'Turku', 'Helsinki', 'Oulu', 3),
(374, 374, 'Vietnam', 'Camboya', 'Laos', 'Tailandia', 4),
(375, 375, 'Guatemala', 'Honduras', 'Nicaragua', 'Panamá', 3),
(376, 376, 'Europa', 'Asia', 'África', 'Oceanía', 2),
(377, 377, 'Odense', 'Aarhus', 'Copenhague', 'Esbjerg', 3),
(378, 378, 'Kuwait', 'Omán', 'Emiratos Árabes Unidos', 'Qatar', 4),
(379, 379, 'Gran Bretaña', 'Islandia', 'Irlanda', 'Sicilia', 1),
(380, 380, 'Atlántico', 'Pacífico', 'Índico', 'Ártico', 2),
(381, 381, 'Debrecen', 'Szeged', 'Budapest', 'Pécs', 3),
(382, 382, 'Hungría', 'Chequia', 'Eslovaquia', 'Polonia', 4),
(383, 383, 'Misisipi-Misuri', 'Yukón', 'Río Bravo', 'San Lorenzo', 1),
(384, 384, 'Europa', 'Asia', 'África', 'Oceanía', 2),
(385, 385, 'Maracaibo', 'Valencia', 'Caracas', 'Barquisimeto', 3),
(386, 386, 'Nueva Zelanda', 'Sudáfrica', 'India', 'Australia', 4),
(387, 387, 'Atacama', 'Sonora', 'Mojave', 'Patagonia', 1),
(388, 388, 'Atlántico', 'Índico', 'Pacífico', 'Ártico', 2),
(389, 389, 'Cracovia', 'Gdansk', 'Varsovia', 'Lodz', 3),
(390, 390, 'Italia', 'Turquía', 'Chipre', 'Grecia', 4),
(391, 391, 'Ojos del Salado', 'Popocatépetl', 'Etna', 'Fuji', 1),
(392, 392, 'Europa', 'Asia', 'África', 'Oceanía', 2),
(393, 393, 'Yeda', 'Medina', 'Riad', 'La Meca', 3),
(394, 394, 'Suecia', 'Dinamarca', 'Finlandia', 'Noruega', 4),
(395, 395, 'China', 'India', 'Indonesia', 'Pakistán', 1),
(396, 396, 'Atlántico', 'Pacífico', 'Índico', 'Ártico', 1),
(397, 397, 'Leópolis', 'Odesa', 'Kiev', 'Járkov', 3),
(398, 398, 'Perú', 'Chile', 'Argentina', 'Colombia', 4),
(399, 399, 'Gibraltar', 'Malaca', 'Bering', 'Magallanes', 3),
(400, 400, 'Europa', 'América', 'Asia', 'África', 2),

(401, 401, 'Cuauhtémoc', 'Moctezuma I', 'Moctezuma II', 'Cuitláhuac', 3),
(402, 402, 'Azteca', 'Maya', 'Tolteca', 'Zapoteca', 2),
(403, 403, '1510', '1521', '1530', '1545', 2),
(404, 404, 'Benito Juárez', 'Miguel Hidalgo y Costilla', 'José María Morelos', 'Vicente Guerrero', 2),
(405, 405, 'Vicente Guerrero', 'Guadalupe Victoria', 'Benito Juárez', 'Agustín de Iturbide', 2),
(406, 406, '1810', '1821', '1808', '1824', 1),
(407, 407, 'Tratado de Tordesillas', 'Tratado de Guadalupe Hidalgo', 'Tratado de More', 'Tratado de Córdoba', 2),
(408, 408, 'Agustín de Iturbide', 'Maximiliano de Habsburgo', 'Porfirio Díaz', 'Benito Juárez', 1),
(409, 409, 'Benito Juárez', 'Lázaro Cárdenas', 'Venustiano Carranza', 'Francisco I. Madero', 1),
(410, 410, '1910', '1915', '1917', '1920', 3),
(411, 411, 'Emiliano Zapata', 'Álvaro Obregón', 'Francisco Villa', 'Porfirio Díaz', 3),
(412, 412, 'Benito Juárez', 'Vicente Guerrero', 'Miguel Hidalgo', 'José María Morelos', 1),
(413, 413, 'Zapoteca', 'Mexica', 'Totonaca', 'Maya', 1),
(414, 414, '1910', '1911', '1912', '1914', 2),
(415, 415, 'El comercio de armas', 'Reclamos de Francia por daños', 'El control de puertos mexicanos', 'La intervención estadounidense', 2),
(416, 416, 'Juan Álvarez', 'Benito Juárez', 'Maximiliano de Habsburgo', 'Antonio López de Santa Anna', 1),
(417, 417, 'La Independencia de México', 'La Revolución Mexicana', 'La Batalla de Puebla', 'La Constitución de 1917', 3),
(418, 418, 'Francia', 'España', 'Inglaterra', 'Estados Unidos', 1),
(419, 419, 'Plutarco Elías Calles', 'Álvaro Obregón', 'Venustiano Carranza', 'Lázaro Cárdenas', 1),
(420, 420, '1929', '1938', '1940', '1952', 2),
(421, 421, 'Benito Juárez', 'Porfirio Díaz', 'José Vasconcelos', 'Lázaro Cárdenas', 3),
(422, 422, 'Tierra y libertad', 'Por la patria y el honor', 'Libertad y justicia', 'Unidad y paz', 1),
(423, 423, 'Pancho Villa', 'Francisco I. Madero', 'Emiliano Zapata', 'Venustiano Carranza', 3),
(424, 424, 'Plutarco Elías Calles', 'Lázaro Cárdenas', 'Venustiano Carranza', 'Porfirio Díaz', 4),
(425, 425, 'Firma del Plan de Iguala', 'Batalla de Puebla', 'Grito de Dolores', 'Muerte de José María Morelos', 3),
(426, 426, 'Vicente Guerrero', 'Agustín de Iturbide', 'Guadalupe Victoria', 'Iturbide y Victoria', 4),
(427, 427, 'Emiliano Zapata', 'Francisco I. Madero', 'Pancho Villa', 'Venustiano Carranza', 2),
(428, 428, 'Teotihuacana', 'Mexica', 'Zapoteca', 'Olmeca', 1),
(429, 429, 'Emilio Portes Gil', 'Manuel Ávila Camacho', 'Adolfo Ruiz Cortines', 'Plutarco Elías Calles', 2),
(430, 430, '1521', '1500', '1600', '1550', 1),
(431, 431, 'Francisco Javier Venegas', 'Juan Ruiz de Apodaca', 'Félix María Calleja', 'Juan de O Donoju', 2),
(432, 432, 'Ignacio Comonfort', 'Benito Juárez', 'Valentín Gómez Farías', 'Miguel Miramón', 1),
(433, 433, 'España', 'Inglaterra', 'Francia', 'Estados Unidos', 3),
(434, 434, '1519', '1492', '1521', '1482', 2),
(435, 435, 'Miguel Hidalgo', 'Vicente Guerrero', 'José María Morelos', 'Emiliano Zapata', 3),
(436, 436, 'Morelia', 'Ciudad de México', 'Iguala', 'Puebla', 3),
(437, 437, 'Estados Unidos', 'España', 'Francia', 'Inglaterra', 1),
(438, 438, 'Juan de O Donoju', 'Juan Ruiz de Apodaca', 'Félix María Calleja', 'Agustín de Iturbide', 1),
(439, 439, 'Olmeca', 'Mexica', 'Zapoteca', 'Totonaca', 1),
(440, 440, 'Texcoco', 'Tlaxcala', 'Tenochtitlan', 'Teotihuacan', 3),
(441, 441, '1930', '1938', '1942', '1945', 2),
(442, 442, 'Benito Juárez', 'Lázaro Cárdenas', 'Plutarco Elías Calles', 'Francisco I. Madero', 2),
(443, 443, 'Constitución de 1824', 'Constitución de 1857', 'Constitución de 1917', 'Plan de Ayutla', 1),
(444, 444, 'Una serpiente', 'Un nopal', 'Águila devorando una serpiente', 'Una estrella', 3),
(445, 445, '1867', '1865', '1870', '1872', 1),
(446, 446, 'Gustavo Díaz Ordaz', 'Vicente Fox', 'Lázaro Cárdenas', 'Porfirio Díaz', 1),
(447, 447, 'Francisco I. Madero', 'Álvaro Obregón', 'Venustiano Carranza', 'Emiliano Zapata', 2),
(448, 448, 'Tenochtitlan', 'Texcoco', 'Tlaxcala', 'Teotihuacan', 1),
(449, 449, '1870', '1872', '1875', '1880', 2),
(450, 450, 'Miguel Hidalgo', 'Benito Juárez', 'Francisco Villa', 'Emiliano Zapata', 2),
(451, 451, 'José María Morelos', 'Vicente Guerrero', 'Ignacio Allende', 'Guadalupe Victoria', 1),
(452, 452, 'Plan de Iguala', 'Sentimientos de la Nación', 'Constitución de 1824', 'Tratados de Córdoba', 2),
(453, 453, '1810', '1824', '1821', '1830', 3),
(454, 454, 'Guerrero', 'Morelos', 'Juárez', 'Iturbide', 4),
(455, 455, 'Guadalupe Victoria', 'Vicente Guerrero', 'Benito Juárez', 'Porfirio Díaz', 1),
(456, 456, 'República federal', 'Imperio', 'Dictadura', 'Monarquía extranjera', 2),
(457, 457, '1810', '1821', '1824', '1836', 3),
(458, 458, 'Rey', 'Virrey', 'Sacerdote', 'Presidente', 4),
(459, 459, 'Yucatán', 'Texas', 'Baja California', 'Chiapas', 2),
(460, 460, 'Córdoba', 'Velasco', 'Tlatelolco', 'Guadalupe Hidalgo', 4),
(461, 461, 'Benito Juárez', 'Santa Anna', 'Díaz', 'Iturbide', 1),
(462, 462, 'Leyes de Reforma', 'Plan de Ayala', 'Constitución de 1917', 'Plan de San Luis', 1),
(463, 463, 'España', 'Estados Unidos', 'Francia', 'Inglaterra', 3),
(464, 464, 'Juárez', 'Díaz', 'Carranza', 'Maximiliano', 4),
(465, 465, 'Juárez', 'Madero', 'Obregón', 'Calles', 1),
(466, 466, 'Chapultepec', 'Puebla', 'Zacatecas', 'Celaya', 2),
(467, 467, 'Juárez', 'Madero', 'Díaz', 'Villa', 3),
(468, 468, '10', '15', '20', '30', 4),
(469, 469, 'Reforma', 'Independencia', 'Revolución', 'Intervención', 3),
(470, 470, 'Zapata', 'Madero', 'Villa', 'Carranza', 2),
(471, 471, 'Zapata', 'Villa', 'Carranza', 'Obregón', 1),
(472, 472, 'Zapata', 'Villa', 'Morelos', 'Juárez', 2),
(473, 473, 'Plan de Iguala', 'Sentimientos', 'Constitución', 'Tratado', 3),
(474, 474, '3', '27', '123', '130', 2),
(475, 475, 'Obregón', 'Juárez', 'Hidalgo', 'Morelos', 1),
(476, 476, 'Virreinato', 'Maximato', 'Colonia', 'Imperio', 2),
(477, 477, 'Obregón', 'Calles', 'Juárez', 'Villa', 2),
(478, 478, 'PAN', 'PRD', 'MORENA', 'PRI', 4),
(479, 479, 'Cárdenas', 'Juárez', 'Díaz', 'Madero', 1),
(480, 480, '1938', '1940', '1920', '1950', 1),
(481, 481, 'Cárdenas', 'Calles', 'Díaz', 'Fox', 1),
(482, 482, 'Revolución', 'Cristera', 'Independencia', 'Reforma', 2),
(483, 483, 'Juárez', 'Calles', 'Villa', 'Zapata', 2),
(484, 484, 'Revolución', 'Movimiento estudiantil', 'Independencia', 'Cristera', 2),
(485, 485, 'Chapultepec', 'Puebla', 'Guadalajara', 'Tlatelolco', 4),
(486, 486, 'Díaz Ordaz', 'Echeverría', 'Salinas', 'Fox', 1),
(487, 487, 'ALADI', 'TLCAN', 'UE', 'NAFTA europeo', 2),
(488, 488, 'Revolución', 'Cristero', 'EZLN', 'Independencia', 3),
(489, 489, 'Ejército Zapatista de Liberación Nacional', 'Ejército Nacional', 'Zona Libre', 'Ejército Liberal', 1),
(490, 490, 'Salinas', 'Zedillo', 'Fox', 'Calderón', 1),
(491, 491, 'Olmeca', 'Maya', 'Mexica', 'Tolteca', 1),
(492, 492, 'Teotihuacana', 'Maya', 'Olmeca', 'Zapoteca', 1),
(493, 493, 'Texcoco', 'Tula', 'Tenochtitlán', 'Palenque', 3),
(494, 494, 'Tláloc', 'Quetzalcóatl', 'Tezcatlipoca', 'Huitzilopochtli', 4),
(495, 495, '1521', '1519', '1530', '1500', 1),
(496, 496, 'Chinampas', 'Riego', 'Terrazas', 'Invernaderos', 1),
(497, 497, 'Maya', 'Olmeca', 'Zapoteca', 'Mexica', 3),
(498, 498, 'Maya', 'Mexica', 'Zapoteca', 'Olmeca', 4),
(499, 499, 'Nueva España', 'Perú', 'Nueva Granada', 'Brasil', 1),
(500, 500, 'Industria', 'Minería', 'Turismo', 'Tecnología', 2),
(501, 501, 'Vicente Guerrero', 'Guadalupe Victoria', 'Ignacio Allende', 'Agustín de Iturbide', 1),
(502, 502, 'Plan de San Luis', 'Plan de Iguala', 'Sentimientos de la Nación', 'Constitución de 1824', 2),
(503, 503, '1810', '1824', '1821', '1830', 3),
(504, 504, 'Calleja', 'Apodaca', 'Venegas', 'O’Donojú', 4),
(505, 505, 'Benito Juárez', 'Porfirio Díaz', 'Madero', 'Carranza', 1),
(506, 506, 'Independencia', 'Reforma', 'Cristera', 'Revolución', 2),
(507, 507, '1840', '1850', '1857', '1867', 3),
(508, 508, 'España', 'Estados Unidos', 'Portugal', 'Francia', 4),
(509, 509, 'Juárez', 'Díaz', 'Santa Anna', 'Iturbide', 1),
(510, 510, 'Chapultepec', 'Puebla', 'Zacatecas', 'Celaya', 2),
(511, 511, 'Santa Anna', 'Negrete', 'Zaragoza', 'Villa', 3),
(512, 512, 'Juárez', 'Madero', 'Carranza', 'Díaz', 4),
(513, 513, 'Plan de San Luis', 'Plan de Ayala', 'Plan de Guadalupe', 'Plan de Tuxtepec', 1),
(514, 514, 'Zapata', 'Madero', 'Villa', 'Carranza', 2),
(515, 515, '1900', '1915', '1910', '1920', 3),
(516, 516, 'Carranza', 'Villa', 'Zapata', 'Madero', 4),
(517, 517, 'Dictador', 'Rey', 'Virrey', 'Sacerdote', 1),
(518, 518, 'San Luis', 'Ayala', 'Iguala', 'Guadalupe', 2),
(519, 519, 'Constitución', 'Plan', 'Tratado', 'Ley', 1),
(520, 520, '1910', '1917', '1920', '1930', 2),
(521, 521, 'Villa', 'Zapata', 'Carranza', 'Obregón', 3),
(522, 522, 'Madero', 'Huerta', 'Carranza', 'Obregón', 4),
(523, 523, 'Independencia', 'Maximato', 'Reforma', 'Virreinato', 2),
(524, 524, 'Obregón', 'Calles', 'Juárez', 'Villa', 2),
(525, 525, 'PAN', 'PRI', 'PRD', 'INE', 2),
(526, 526, 'Cárdenas', 'Díaz', 'Juárez', 'Fox', 1),
(527, 527, '1938', '1940', '1920', '1950', 1),
(528, 528, 'Calles', 'Cárdenas', 'Obregón', 'Juárez', 2),
(529, 529, 'Revolución', 'Cristera', 'Independencia', 'Reforma', 2),
(530, 530, 'Juárez', 'Calles', 'Villa', 'Zapata', 2),
(531, 531, 'Independencia', 'Revolución', 'Movimiento estudiantil', 'Cristera', 3),
(532, 532, 'Puebla', 'Guadalajara', 'Monterrey', 'Tlatelolco', 4),
(533, 533, 'Díaz Ordaz', 'Echeverría', 'Salinas', 'Fox', 1),
(534, 534, 'ALADI', 'TLCAN', 'UE', 'NAFTA europeo', 2),
(535, 535, 'Revolución', 'Cristero', 'EZLN', 'Independencia', 3),
(536, 536, 'Ejército Zapatista de Liberación Nacional', 'Ejército Nacional', 'Zona Libre', 'Ejército Liberal', 1),
(537, 537, 'Salinas', 'Zedillo', 'Fox', 'Calderón', 1),
(538, 538, 'Teotihuacana', 'Maya', 'Olmeca', 'Zapoteca', 1),
(539, 539, 'Texcoco', 'Tula', 'Tenochtitlán', 'Palenque', 3),
(540, 540, 'Tláloc', 'Quetzalcóatl', 'Tezcatlipoca', 'Huitzilopochtli', 4),
(541, 541, '1521', '1519', '1530', '1500', 1),
(542, 542, 'Chinampas', 'Riego', 'Terrazas', 'Invernaderos', 1),
(543, 543, 'Maya', 'Olmeca', 'Zapoteca', 'Mexica', 3),
(544, 544, 'Maya', 'Mexica', 'Zapoteca', 'Olmeca', 4),
(545, 545, 'Nueva España', 'Perú', 'Nueva Granada', 'Brasil', 1),
(546, 546, 'Industria', 'Minería', 'Turismo', 'Tecnología', 2),
(547, 547, 'Cristianismo', 'Islam', 'Budismo', 'Hinduismo', 1),
(548, 548, 'Criollos', 'Mestizos', 'Peninsulares', 'Indígenas', 3),
(549, 549, 'Inglés', 'Francés', 'Portugués', 'Español', 4),
(550, 550, 'Prehispánico', 'Reforma', 'Industrial', 'Moderno', 1),
(551, 551, 'Prehispánica', 'Romana', 'Griega', 'Egipcia', 1),
(552, 552, 'Olmeca', 'Teotihuacana', 'Maya', 'Tolteca', 2),
(553, 553, '1500', '1515', '1519', '1525', 3),
(554, 554, 'Colón', 'Pizarro', 'Magallanes', 'Hernán Cortés', 4),
(555, 555, 'Mayas', 'Tlaxcaltecas', 'Olmecas', 'Zapotecas', 2),
(556, 556, 'Castas', 'Feudalismo', 'Capitalismo', 'Socialismo', 1),
(557, 557, 'Virrey', 'Rey', 'Gobernador', 'Presidente', 2),
(558, 558, 'Industria', 'Comercio', 'Minería', 'Turismo', 3),
(559, 559, 'Islam', 'Budismo', 'Hinduismo', 'Catolicismo', 4),
(560, 560, 'Reforma', 'Revolución', 'Independencia', 'Cristero', 3),
(561, 561, 'Hidalgo', 'Morelos', 'Juárez', 'Díaz', 1),
(562, 562, 'Peninsulares', 'Criollos', 'Indígenas', 'Mestizos', 2),
(563, 563, 'Plan de Iguala', 'Tratado de Córdoba', 'Sentimientos de la Nación', 'Constitución', 3),
(564, 564, 'Hidalgo', 'Morelos', 'Guerrero', 'Iturbide', 4),
(565, 565, 'República', 'Imperio', 'Dictadura', 'Monarquía absoluta', 2),
(566, 566, 'Juárez', 'Iturbide', 'Díaz', 'Carranza', 2),
(567, 567, 'Imperio', 'República', 'Virreinato', 'Dictadura', 2),
(568, 568, 'Revolución', 'Independencia', 'Cristera', 'Reforma', 4),
(569, 569, 'Juárez', 'Díaz', 'Santa Anna', 'Madero', 1),
(570, 570, 'España', 'Francia', 'Inglaterra', 'Estados Unidos', 2),
(571, 571, 'Juárez', 'Díaz', 'Carranza', 'Maximiliano', 4),
(572, 572, 'Reforma', 'Porfiriato', 'Revolución', 'Independencia', 2),
(573, 573, 'Democracia', 'Desarrollo económico desigual', 'Igualdad social', 'Guerra constante', 2),
(574, 574, 'Ayala', 'Iguala', 'Guadalupe', 'San Luis', 4),
(575, 575, 'Villa', 'Zapata', 'Carranza', 'Obregón', 2),
(576, 576, 'Tratado', 'Plan', 'Ley', 'Constitución', 4),
(577, 577, '3', '27', '123', '130', 1),
(578, 578, '3', '27', '123', '130', 2),
(579, 579, '3', '27', '123', '130', 3),
(580, 580, 'Juárez', 'Cárdenas', 'Díaz', 'Fox', 2),
(581, 581, 'Cárdenas', 'Salinas', 'Fox', 'Calderón', 1),
(582, 582, 'Reforma', 'Cristera', 'Revolución', 'Independencia', 2),
(583, 583, '1910s', '1920s', '1930s', '1940s', 2),
(584, 584, 'Revolución', 'Independencia', 'Movimiento estudiantil', 'Reforma', 3),
(585, 585, 'Chapultepec', 'Guadalajara', 'Puebla', 'Tlatelolco', 4),
(586, 586, 'Díaz Ordaz', 'Echeverría', 'Salinas', 'Fox', 1),
(587, 587, 'ALADI', 'TLCAN', 'UE', 'MERCOSUR', 2),
(588, 588, 'Revolución', 'Cristero', 'EZLN', 'Reforma', 3),
(589, 589, 'Ejército Zapatista de Liberación Nacional', 'Ejército Nacional', 'Zona Libre Nacional', 'Ejército Liberal Nacional', 1),
(590, 590, 'Salinas', 'Zedillo', 'Fox', 'Calderón', 1),
(591, 591, 'Olmeca', 'Maya', 'Mexica', 'Tolteca', 1),
(592, 592, 'Teotihuacana', 'Maya', 'Olmeca', 'Zapoteca', 1),
(593, 593, 'Texcoco', 'Tula', 'Tenochtitlán', 'Palenque', 3),
(594, 594, 'Tláloc', 'Quetzalcóatl', 'Tezcatlipoca', 'Huitzilopochtli', 4),
(595, 595, '1521', '1519', '1530', '1500', 1),
(596, 596, 'Chinampas', 'Riego', 'Terrazas', 'Invernaderos', 1),
(597, 597, 'Maya', 'Olmeca', 'Zapoteca', 'Mexica', 3),
(598, 598, 'Maya', 'Mexica', 'Zapoteca', 'Olmeca', 4),
(599, 599, 'Nueva España', 'Perú', 'Nueva Granada', 'Brasil', 1),
(600, 600, 'Industria', 'Minería', 'Turismo', 'Tecnología', 2),
(601, 601, 'Jugar videojuegos', 'Programar', 'Escuchar música', 'Leer noticias', 2),
(602, 602, 'Borrar pantalla', 'Mostrar en pantalla', 'Dividir números', 'Multiplicar números', 2),
(603, 603, '`+`', '`-`', '`/`', '`*`', 1),
(604, 604, 'Compara valores', 'Asigna un valor a una variable', 'Resta valores', 'Divide valores', 2),
(605, 605, '5', '6', '23', '2', 1),
(606, 606, '`x == 10`', '`10 = x`', '`x = 10`', '`x => 10`', 3),
(607, 607, 'Hola', 'print', '"Hola"', 'Nada', 3),
(608, 608, 'Comentar una línea', 'Multiplicar', 'Sumar', 'Crear una variable', 1),
(609, 609, 'Número', 'Texto', 'Booleano', 'Decimal', 3),
(610, 610, '5', '6', '8', '9', 2),
(611, 611, 'Mostrar en pantalla', 'Pedir un valor al usuario', 'Borrar pantalla', 'Sumar dos números', 2),
(612, 612, '+', '/', '*', '-', 2),
(613, 613, '`+`', '`-`', '`/`', '`*`', 2),
(614, 614, '6', '8', '10', '12', 2),
(615, 615, 'Número', 'Booleano', 'Cadena de texto', 'Decimal', 3),
(616, 616, '5+5', '55', '10', '25', 3),
(617, 617, '10.0', '10', '"10"', 'Verdadero', 2),
(618, 618, '#', '//', '*', '%', 1),
(619, 619, 'Muestra Python', 'Muestra una variable', 'Borrar pantalla', 'Muestra un número', 1),
(620, 620, 'Un comentario', 'Un contenedor de datos', 'Una operación matemática', 'Un número', 2),
(621, 621, '{ }', '[ ]', '( )', '<>', 2),
(622, 622, '4', '5', '8', '12', 2),
(623, 623, '10', '55', '5', '25', 2),
(624, 624, '+', '`*`', '%', '`-`', 2),
(625, 625, 'for', 'while', 'def', 'var', 3),
(626, 626, 'Nada', 'Borra texto', 'Cuenta los caracteres', 'Muestra "Hola"', 3),
(627, 627, '"5"', '10', '3.14', 'True', 2),
(628, 628, '5', '6', '8', '9', 3),
(629, 629, 'Texto', 'Número decimal', 'Booleano', 'Entero', 2),
(630, 630, '`a == 1`', '`a = 1`', '`int a = 1`', '`a=1`', 2),
(631, 631, 'Muestra True', 'Muestra 10', 'Muestra 0', 'Da error', 1),
(632, 632, 'Texto', 'Decimal', 'Booleano', 'Entero', 3),
(633, 633, 'Decimal', 'Entero', 'Cadena de texto', 'Booleano', 1),
(634, 634, 'Nada', 'Error', 'Muestra `HolaHolaHola`', 'Muestra `3Hola`', 3),
(635, 635, 'Convierte a texto', 'Convierte a decimal', 'Convierte a número entero', 'Nada', 1),
(636, 636, '4', '1', '0', '2', 3),
(637, 637, 'Entero', 'Decimal', 'Cadena', 'Ninguno', 4),
(638, 638, '`for`', '`while`', '`loop`', '`def`', 1),
(639, 639, 'Texto', 'Número', 'Variable', 'Valor ingresado por el usuario', 4),
(640, 640, '`and`', '`or`', '`not`', '`&`', 1),
(641, 641, 'Lista', 'Texto', 'Entero', 'Decimal', 1),
(642, 642, 'Suma', 'Multiplica', 'Compara si no son iguales', 'Asigna valor', 3),
(643, 643, 'Booleano', 'Entero', 'Decimal', 'Texto', 1),
(644, 644, 'Muestra 34', 'Muestra 7', 'Muestra "3 4"', 'Muestra 3.4', 1),
(645, 645, 'Entero', 'Decimal', 'Cadena', 'Booleano', 2),
(646, 646, 'Crea un ciclo', 'Evalúa una condición', 'Crea una lista', 'Suma dos números', 2),
(647, 647, '`and`', '`or`', '`not`', '`&`', 2),
(648, 648, 'Cadena', 'Número', 'Booleano', 'Lista', 1),
(649, 649, 'Muestra 4', 'Muestra hola', 'Muestra 3', 'Da error', 2),
(650, 650, '[ ]', '{ }', '( )', '< >', 2),
(651, 651, 'JavaScript', 'C++', 'Python', 'Java', 1),
(652, 652, 'Suma valores', 'Cuenta elementos', 'Ordena lista', 'Elimina datos', 2),
(653, 653, '1', '2', '3', '4', 3),
(654, 654, '^', '*', '//', '**', 4),
(655, 655, 'Entero', 'Decimal', 'Texto', 'Booleano', 1),
(656, 656, 'Booleano', 'Texto', 'Lista', 'Entero', 2),
(657, 657, '6', '7', '9', '8', 3),
(658, 658, 'if', 'def', 'print', 'while', 4),
(659, 659, 'Colección de datos', 'Número', 'Texto', 'Operador', 1),
(660, 660, 'Lee datos', 'Muestra en pantalla', 'Guarda datos', 'Borra datos', 2),
(661, 661, '2', '3', '4', '5', 3),
(662, 662, 'for', 'while', 'if', 'def', 4),
(663, 663, 'Decimal', 'Entero', 'Texto', 'Booleano', 1),
(664, 664, '=', '==', '!=', '>=', 2),
(665, 665, '3', '2', '1', '0', 3),
(666, 666, 'for', 'while', 'print', 'if', 4),
(667, 667, 'Condición', 'Repetición', 'Variable', 'Número', 2),
(668, 668, 'Texto', 'Número', 'Lista', 'Booleano', 1),
(669, 669, '8', '9', '10', '12', 3),
(670, 670, '/', '%', '*', '//', 4),
(671, 671, 'Convierte a texto', 'Convierte a número', 'Elimina valor', 'Duplica valor', 1),
(672, 672, 'Texto', 'Booleano', 'Número', 'Lista', 2),
(673, 673, '2', '3', '4', '5', 3),
(674, 674, 'Condición', 'Repetición', 'Función', 'Clase', 2),
(675, 675, 'Archivo', 'Instrucciones', 'Texto', 'Número', 2),
(676, 676, 'Texto', 'Decimal', 'Número entero', 'Error', 3),
(677, 677, '//', '#', '*', '-', 2),
(678, 678, 'True', 'Error', 'Nada', 'False', 4),
(679, 679, 'Contenedor', 'Número fijo', 'Texto largo', 'Función', 1),
(680, 680, '1', '3', '2', '4', 2),
(681, 681, '3', '2', '4', '5', 3),
(682, 682, 'Sistema operativo', 'Lenguaje de programación', 'Juego', 'Editor', 2),
(683, 683, '22', '3', '4', 'Error', 3),
(684, 684, 'or', 'not', '&', 'and', 4),
(685, 685, 'Dato', 'Bloque de código', 'Número', 'Texto', 2),
(686, 686, 'Texto', 'Booleano', 'Decimal', 'Lista', 3),
(687, 687, 'False', 'Error', 'True', 'Nada', 3),
(688, 688, 'Resultado', 'Bug', 'Variable', 'Lista', 2),
(689, 689, 'Muestra', 'Pide dato', 'Borra', 'Calcula', 2),
(690, 690, 'Tupla', 'Lista', 'Cadena', 'Conjunto', 2),
(691, 691, 'False', 'True', 'Error', 'Nada', 2),
(692, 692, 'Programa completo', 'Pasos ordenados', 'Lenguaje', 'Error', 2),
(693, 693, '4', '5', '4.5', '3', 1),
(694, 694, 'Lista', 'Tupla', 'Conjunto', 'Diccionario', 2),
(695, 695, 'HiHi', 'Hi', 'Error', '2Hi', 1),
(696, 696, 'Repetición', 'Decisión', 'Variable', 'Número', 2),
(697, 697, 'True', 'False', 'Error', 'Nada', 2),
(698, 698, 'Lista', 'Diccionario', 'Tupla', 'Cadena', 2),
(699, 699, 'True', 'False', 'Error', 'Nada', 1),
(700, 700, 'Jugar', 'Escribir instrucciones', 'Leer', 'Diseñar', 2),
(701, 701, 'Muestra el tipo de dato', 'Convierte a texto', 'Cuenta caracteres', 'Pide datos', 1),
(702, 702, 'Texto', 'Booleano', 'Decimal', 'Lista', 2),
(703, 703, '5', '6', '7', '8', 3),
(704, 704, 'and', 'not', '&', 'or', 4),
(705, 705, 'Genera una secuencia de 0 a 4', 'Suma del 1 al 5', 'Crea una lista vacía', 'Borra valores', 1),
(706, 706, 'Lista', 'Diccionario', 'Tupla', 'Cadena', 2),
(707, 707, '11', '14', '11', '8', 1),
(708, 708, 'Elimina un elemento', 'Ordena la lista', 'Cuenta elementos', 'Agrega un elemento al final', 4),
(709, 709, 'Entorno de desarrollo integrado', 'Editor de datos externos', 'Entrada de datos exactos', 'Interfaz de diseño estructural', 1),
(710, 710, 'if', 'while', 'def', 'str', 2),
(711, 711, 'True', 'Nada', 'False', 'Error', 3),
(712, 712, 'upper()', 'capitalize()', 'swapcase()', 'lower()', 4),
(713, 713, 'Devuelve 3', 'Devuelve 2', 'Devuelve 1', 'Da error', 1),
(714, 714, 'Lista', 'Tupla', 'Cadena', 'Booleano', 2),
(715, 715, '1', '3', '2', '4', 3),
(716, 716, 'and', 'or', '!=', 'not', 4),
(717, 717, 'Quita un elemento', 'Agrega un elemento', 'Ordena la lista', 'Copia la lista', 1),
(718, 718, 'include', 'import', 'module', 'load', 2),
(719, 719, '8', '10', '8', '12', 1),
(720, 720, 'Invierte la lista', 'Ordena la lista', 'Borra la lista', 'Duplica la lista', 2),
(721, 721, 'Un comentario', 'Una condición extra', 'Una función', 'Una lista', 2),
(722, 722, 'True', 'Nada', 'Error', 'False', 4),
(723, 723, 'Une textos', 'Separa texto en partes', 'Cuenta letras', 'Convierte a mayúsculas', 2),
(724, 724, 'Lista', 'Tupla', 'Cadena', 'Conjunto', 4),
(725, 725, '3', '4', '3.75', '2', 1),
(726, 726, 'Devuelve 3', 'Devuelve 7', 'Suma ambos', 'Da error', 2),
(727, 727, 'Devuelve 7', 'Suma ambos', 'Devuelve 3', 'Da error', 3),
(728, 728, 'for', 'if', 'print', 'función', 4),
(729, 729, 'Buscar errores', 'Compilarlo', 'Traducirlo', 'Guardarlo', 1),
(730, 730, 'Muestra un mensaje y espera dato', 'Borra la variable', 'Convierte a texto', 'Hace una suma', 1),
(731, 731, '<=', '>=', '==', '!=', 2),
(732, 732, 'False', 'Error', 'True', 'Nada', 3),
(733, 733, 'Quita espacios al inicio y final', 'Agrega espacios', 'Cuenta palabras', 'Cambia a mayúsculas', 1),
(734, 734, 'Lista', 'Tupla', 'Cadena', 'Conjunto', 4),
(735, 735, 'Devuelve 6', 'Devuelve 3', 'Devuelve 5', 'Da error', 1),
(736, 736, 'int', 'str', 'float', 'bool', 2),
(737, 737, 'False', 'Nada', 'True', 'Error', 3),
(738, 738, 'break', 'print', 'input', 'return', 4),
(739, 739, 'Vacía la lista', 'La ordena', 'La imprime', 'La copia', 1),
(740, 740, 'Agrega un elemento', 'Quita un elemento', 'Ordena la lista', 'Busca un elemento', 2),
(741, 741, '5', '7', '6', '8', 3),
(742, 742, 'La borra', 'La divide', 'La invierte', 'Cambia una parte por otra', 4),
(743, 743, 'clone', 'commit', 'push', 'status', 1),
(744, 744, 'git add', 'git commit', 'git pull', 'git init', 2),
(745, 745, 'git pull', 'git add', 'git push', 'git log', 3),
(746, 746, 'git clone', 'git merge', 'git branch', 'git status', 4),
(747, 747, 'HyperText Markup Language', 'HighText Machine Language', 'Hyper Tool Multi Language', 'Home Tool Markup Language', 1),
(748, 748, 'HTML', 'CSS', 'Python', 'SQL', 2),
(749, 749, 'HTML', 'CSS', 'JavaScript', 'XML', 3),
(750, 750, '<p>', '<img>', '<div>', '<a>', 4),
(751, 751, '<img>', '<a>', '<p>', '<div>', 1),
(752, 752, 'background', 'color', 'font-size', 'margin', 2),
(753, 753, 'color', 'margin', 'font-size', 'padding', 3),
(754, 754, '<h2>', '<title>', '<head>', '<h1>', 4),
(755, 755, 'Prepara archivos para commit', 'Envía cambios al remoto', 'Borra archivos', 'Crea ramas', 1),
(756, 756, 'Guarda cambios localmente', 'Descarga y actualiza cambios remotos', 'Muestra estado', 'Crea repositorio', 2),
(757, 757, 'Clona un repositorio', 'Muestra errores', 'Gestiona ramas', 'Sube cambios', 3),
(758, 758, 'Sube cambios a GitHub', 'Descarga un proyecto', 'Muestra historial', 'Inicia un repositorio Git', 4),
(759, 759, 'Cascading Style Sheets', 'Computer Style System', 'Creative Sheet Syntax', 'Code Styling Source', 1),
(760, 760, 'Simple Query Logic', 'Structured Query Language', 'System Quick Language', 'Secure Query Link', 2),
(761, 761, 'INSERT', 'UPDATE', 'SELECT', 'DELETE', 3),
(762, 762, 'SELECT', 'UPDATE', 'DELETE', 'INSERT', 4),
(763, 763, 'DELETE', 'SELECT', 'ALTER', 'CREATE', 1),
(764, 764, 'DELETE', 'UPDATE', 'INSERT', 'DROP', 2),
(765, 765, 'FROM', 'ORDER BY', 'WHERE', 'GROUP BY', 3),
(766, 766, 'GROUP BY', 'FROM', 'WHERE', 'ORDER BY', 4),
(767, 767, 'Conjunto organizado de datos', 'Un lenguaje de programación', 'Una imagen', 'Un navegador', 1),
(768, 768, 'Un error', 'Conjunto de filas y columnas', 'Una contraseña', 'Un comentario', 2),
(769, 769, 'Una columna', 'Una base', 'Un registro', 'Un índice', 3),
(770, 770, 'Un registro completo', 'Una tabla secundaria', 'Una fila vacía', 'Un campo de datos', 4),
(771, 771, 'Un identificador único', 'Un comentario', 'Una consulta', 'Una carpeta', 1),
(772, 772, 'Un dato repetido', 'Una referencia a otra tabla', 'Un error lógico', 'Una función', 2),
(773, 773, 'INSERT TABLE', 'MAKE TABLE', 'CREATE TABLE', 'NEW TABLE', 3),
(774, 774, 'DELETE TABLE', 'REMOVE TABLE', 'CLEAR TABLE', 'DROP TABLE', 4),
(775, 775, 'Permite comunicación entre programas', 'Borra archivos', 'Solo diseña interfaces', 'Sustituye internet', 1),
(776, 776, 'HTML', 'JSON', 'CSS', 'TXT', 2),
(777, 777, 'Java Source Object Notation', 'Just Simple Object Naming', 'JavaScript Object Notation', 'Joined Syntax Object Network', 3),
(778, 778, 'POST', 'PUT', 'DELETE', 'GET', 4),
(779, 779, 'POST', 'GET', 'PATCH', 'HEAD', 1),
(780, 780, 'GET', 'PUT', 'HEAD', 'TRACE', 2),
(781, 781, 'GET', 'POST', 'DELETE', 'CONNECT', 3),
(782, 782, 'Una app para dibujar', 'Un comentario especial', 'Un tipo de variable', 'Equipo o programa que ofrece servicios', 4),
(783, 783, 'Quien consume un servicio', 'Una base de datos', 'Un lenguaje', 'Un error', 1),
(784, 784, 'Universal Resource Link', 'Uniform Resource Locator', 'Unique Route Locator', 'Unified Resource Line', 2),
(785, 785, 'Un compilador', 'Un sistema operativo', 'Programa para acceder a páginas web', 'Una base de datos', 3),
(786, 786, 'La base de datos', 'El servidor', 'La parte de seguridad', 'La parte visible para el usuario', 4),
(787, 787, 'La lógica y procesos del servidor', 'Solo los colores de una página', 'Un tipo de navegador', 'Una imagen', 1),
(788, 788, 'La que combina varios tipos de caracteres', 'La que usa solo tu nombre', 'La que repite números', 'La más corta posible', 1),
(789, 789, 'Usar símbolos', 'Usar datos personales obvios', 'Usar letras mayúsculas', 'Usar números', 2),
(790, 790, 'Un error en la escritura del código', 'Un error de internet', 'Un error en la impresora', 'Un error del monitor', 1),
(791, 791, 'Código mal escrito', 'Error de conexión', 'Programa corre pero da resultado incorrecto', 'Archivo borrado', 3),
(792, 792, 'Escribirlo más lento', 'Copiarlo', 'Decorarlo', 'Buscar y corregir errores', 4),
(793, 793, 'Detiene el ciclo', 'Lo repite para siempre', 'Crea una variable', 'Ordena datos', 1),
(794, 794, 'Termina el programa', 'Salta a la siguiente iteración', 'Borra el ciclo', 'Cierra un archivo', 2),
(795, 795, 'No hace nada y sirve como marcador', 'Termina el programa', 'Imprime texto', 'Convierte a entero', 1),
(796, 796, 'Cierra archivos', 'Abre archivos', 'Borra carpetas', 'Compila código', 2),
(797, 797, 'Escribe datos', 'Cierra el archivo', 'Lee contenido', 'Renombra el archivo', 3),
(798, 798, 'Lee el archivo', 'Duplica el archivo', 'Lo mueve', 'Cierra el archivo', 4),
(799, 799, 'Descripción de pasos de un algoritmo sin depender de un lenguaje exacto', 'Código solo para robots', 'Un error de compilación', 'Una contraseña', 1),
(800, 800, 'Diseñar imágenes', 'Dar instrucciones a una computadora para realizar tareas', 'Solo reparar hardware', 'Navegar por internet', 2),

(801, 801, 'Silverstone', 'Mónaco', 'Monza', 'Spa', 3),
(802, 802, 'Senna', 'Schumacher', 'Hamilton', 'Vettel', 2),
(803, 803, 'Daytona 500', 'Indianapolis 500', 'Coca-Cola 600', 'Southern 500', 1),
(804, 804, 'McRae', 'Sainz', 'Loeb', 'Mäkinen', 3),
(805, 805, 'Ferrari', 'Porsche', 'Audi', 'Toyota', 2),
(806, 806, 'Fangio', 'Farina', 'Ascari', 'Brabham', 2),
(807, 807, 'Senna', 'Prost', 'Lauda', 'Stewart', 1),
(808, 808, '1950', '1948', '1952', '1946', 1),
(809, 809, 'Ford', 'Citroën', 'Subaru', 'Lancia', 4),
(810, 810, 'Moss', 'Fangio', 'Farina', 'Chiron', 4),
(811, 811, 'Ickx', 'Kristensen', 'Bell', 'Pescarolo', 2),
(812, 812, 'Américas', 'Mónaco', 'Gilles Villeneuve', 'Suzuka', 3),
(813, 813, 'Petty', 'Earnhardt', 'Gordon', 'Johnson', 2),
(814, 814, 'NASCAR', 'IndyCar', 'WEC', 'Formula E', 3),
(815, 815, 'Nürburgring', 'Monza', 'Silverstone', 'Spa', 2),
(816, 816, 'Senna', 'Schumacher', 'Hamilton', 'Vettel', 3),
(817, 817, 'Monza', 'Silverstone', 'Spa', 'Suzuka', 1),
(818, 818, 'Schumacher', 'Senna', 'Hamilton', 'Vettel', 1),
(819, 819, 'Senna', 'Alonso', 'Hill', 'Andretti', 3),
(820, 820, 'Mónaco', 'Montreal', 'Silverstone', 'Interlagos', 1),
(821, 821, 'Piquet Jr.', 'Buemi', 'di Grassi', 'Vergne', 1),
(822, 822, 'Daytona', 'Sebring', 'Le Mans', 'Silverstone', 3),
(823, 823, 'Senna', 'Schumacher', 'Hamilton', 'Vettel', 3),
(824, 824, 'McLaren', 'Mercedes', 'Ferrari', 'Red Bull', 3),
(825, 825, '200 km', '305 km', '500 km', '1000 km', 2),
(826, 826, '1985', '1990', '1988', '1992', 3),
(827, 827, 'Hamilton', 'Rosberg', 'Schumacher', 'Fangio', 1),
(828, 828, 'Suzuka', 'Mónaco', 'Américas', 'Silverstone', 3),
(829, 829, 'Senna', 'Schumacher', 'Räikkönen', 'Prost', 2),
(830, 830, 'Montecarlo', 'Finlandia', 'Gales', 'Suecia', 1),
(831, 831, 'Argentina', 'Brasil', 'México', 'Chile', 2),
(832, 832, 'Vettel', 'Schumacher', 'Hamilton', 'Fangio', 2),
(833, 833, 'Monza', 'Mugello', 'Imola', 'Misano', 1),
(834, 834, 'Senna', 'Schumacher', 'Hamilton', 'Rosberg', 3),
(835, 835, 'Long Beach', 'Indy 500', 'Detroit', 'St. Petersburg', 2),
(836, 836, 'McLaren', 'Mercedes', 'Red Bull', 'Ferrari', 4),
(837, 837, 'Prost', 'Lauda', 'Senna', 'Stewart', 1),
(838, 838, 'Spa', 'Silverstone', 'Le Mans', 'Nürburgring', 3),
(839, 839, 'Hamilton', 'Räikkönen', 'Alonso', 'Vettel', 3),
(840, 840, '500 km', '1000 km', '2000 km', 'Variable', 4),
(841, 841, 'Senna', 'Lauda', 'Hunt', 'Villeneuve', 2),
(842, 842, 'Francia', 'Italia', 'Reino Unido', 'Alemania', 3),
(843, 843, 'Vettel', 'Rosberg', 'Webber', 'Alonso', 2),
(844, 844, 'Senna', 'Räikkönen', 'Schumacher', 'Hamilton', 2),
(845, 845, '1929', '1935', '1950', '1960', 1),
(846, 846, 'Vettel', 'Mansell', 'Senna', 'Hamilton', 2),
(847, 847, 'Prost', 'Mansell', 'Senna', 'Piquet', 2),
(848, 848, 'Mugello', 'Zandvoort', 'Miami', 'Jeddah', 4),
(849, 849, 'Hamilton', 'Vettel', 'Kubica', 'Massa', 1),
(850, 850, 'Hamilton', 'Vettel', 'Verstappen', 'Alonso', 3),
(851, 851, 'Sistema antibloqueo de frenos', 'Control de tracción', 'Sistema de dirección', 'Sistema de escape', 1),
(852, 852, 'Enfría llantas', 'Lubrica partes del motor', 'Limpia combustible', 'Genera energía', 2),
(853, 853, 'Diésel', 'Gas LP', 'Gasolina', 'Hidrógeno', 3),
(854, 854, 'Radiador', 'Batería', 'Escape', 'Transmisión', 4),
(855, 855, 'Velocidad', 'Temperatura', 'Presión', 'Combustible', 1),
(856, 856, 'Velocidad', 'Revoluciones del motor', 'Nivel de aceite', 'Temperatura', 2),
(857, 857, 'Diésel', 'Eléctrico', 'Combustión interna', 'Híbrido', 3),
(858, 858, 'Frenos', 'Suspensión', 'Dirección', 'Catalizador', 4),
(859, 859, 'Batería', 'Radiador', 'Filtro', 'Escape', 1),
(860, 860, 'Frenos', 'Dirección', 'Suspensión', 'Motor', 2),
(861, 861, 'Deportiva', 'Urbana', 'All-terrain', 'Carrera', 3),
(862, 862, 'Aceite', 'Gasolina', 'Frenos', 'Refrigerante', 4),
(863, 863, 'Detener el auto', 'Acelerar', 'Encender', 'Lubricar', 1),
(864, 864, 'Motor', 'Suspensión', 'Escape', 'Transmisión', 2),
(865, 865, 'Manual', 'CVT', 'Automática', 'Secuencial', 3),
(866, 866, 'Radiador', 'Filtro', 'Batería', 'Escape', 4),
(867, 867, 'Revoluciones por minuto', 'Rendimiento por motor', 'Ruedas por minuto', 'Radio por marcha', 1),
(868, 868, 'Motor', 'ABS', 'Radio', 'Escape', 2),
(869, 869, 'Diésel', 'Gasolina', 'Eléctrico', 'Híbrido', 3),
(870, 870, 'Radiador', 'Aceite', 'Bujía', 'Filtro de aire', 4),
(871, 871, 'Encender mezcla', 'Frenar auto', 'Lubricar motor', 'Enfriar motor', 1),
(872, 872, 'Frenos', 'Transmisión', 'Suspensión', 'Dirección', 2),
(873, 873, 'Trasera', 'Integral', 'Delantera', 'Total', 3),
(874, 874, 'Motor', 'Escape', 'Frenos', 'Suspensión', 4),
(875, 875, 'Velocímetro', 'Tacómetro', 'Temperatura', 'Indicador de combustible', 4),
(876, 876, 'Gasolina', 'Diésel', 'Eléctrico', 'Híbrido', 4),
(877, 877, 'Radiador', 'Batería', 'Filtro', 'Escape', 1),
(878, 878, 'Motor', 'Control de estabilidad', 'Escape', 'Filtro', 2),
(879, 879, 'Tambor', 'Hidráulicos', 'Disco', 'Aire', 3),
(880, 880, 'Batería', 'Filtro', 'Bujía', 'Termostato', 4),
(881, 881, 'Enfriar motor', 'Frenar auto', 'Encender motor', 'Acelerar', 1),
(882, 882, 'Gasolina', 'Electricidad', 'Diésel', 'Gas', 2),
(883, 883, 'Frenos', 'Motor', 'Control de arranque en pendiente', 'Escape', 3),
(884, 884, 'Filtro', 'Radiador', 'Batería', 'Transmisión', 4),
(885, 885, 'Vehículo utilitario deportivo', 'Auto pequeño', 'Camión pesado', 'Moto', 1),
(886, 886, 'Vegetal', 'Sintético', 'Agua', 'Gas', 2),
(887, 887, 'Frenos', 'Motor', 'Control de crucero', 'Escape', 3),
(888, 888, 'Filtro', 'Radiador', 'Motor', 'Tanque', 4),
(889, 889, 'Aumenta velocidad', 'Frena', 'Apaga', 'Lubrica', 1),
(890, 890, 'Gasolina', 'Hidrógeno', 'Diésel', 'Híbrido', 2),
(891, 891, 'Motor', 'Frenos', 'Airbags', 'Escape', 3),
(892, 892, 'Motor', 'Freno', 'Bujía', 'Espejo retrovisor', 4),
(893, 893, 'Dirigir auto', 'Frenar', 'Acelerar', 'Encender', 1),
(894, 894, 'Gasolina', 'Eléctrico', 'Diésel', 'Deportivo', 2),
(895, 895, 'Motor', 'Frenos', 'Aire acondicionado', 'Escape', 3),
(896, 896, 'Radiador', 'Filtro', 'Aceite', 'Batería', 4),
(897, 897, 'Conectar motor y transmisión', 'Frenar', 'Encender', 'Lubricar', 1),
(898, 898, 'Aire', 'Hidráulico', 'Eléctrico', 'Mecánico', 2),
(899, 899, 'Motor', 'Frenos', 'Ventilación', 'Escape', 3),
(900, 900, 'Motor', 'Freno', 'Filtro', 'Carrocería', 4),
(901, 901, 'Genera electricidad', 'Frena el auto', 'Enfría el motor', 'Filtra aire', 1),
(902, 902, 'Diésel', 'Gasolina', 'Eléctrico', 'Híbrido', 2),
(903, 903, 'Acelerar', 'Frenar', 'Conectar y desconectar motor y transmisión', 'Encender el motor', 3),
(904, 904, 'Frenos', 'Suspensión', 'Dirección', 'Control de tracción', 4),
(905, 905, 'Falla en el motor', 'Bajo combustible', 'Puerta abierta', 'Alta velocidad', 1),
(906, 906, 'Radiador', 'Motor', 'Escape', 'Batería', 2),
(907, 907, 'Gasolina', 'Gas', 'Diésel', 'Electricidad', 3),
(908, 908, 'Dirección', 'Frenos', 'Transmisión', 'Sistema de enfriamiento', 4),
(909, 909, 'Protege al conductor', 'Acelera', 'Enciende el auto', 'Lubrica partes', 1),
(910, 910, 'Motor', 'Sistema de dirección', 'Frenos', 'Suspensión', 2),
(911, 911, 'Delantera', 'Trasera', '4x4', 'Manual', 3),
(912, 912, 'Suspensión', 'Motor', 'Escape', 'Frenos', 4),
(913, 913, 'Lubrica engranes', 'Enfría llantas', 'Limpia aire', 'Aumenta velocidad', 1),
(914, 914, 'Velocidad', 'Distancia recorrida', 'Combustible', 'Temperatura', 2),
(915, 915, 'Gasolina', 'Diésel', 'Eléctrico', 'Híbrido', 3),
(916, 916, 'Radiador', 'Bujía', 'Filtro', 'Escape', 4),
(917, 917, 'Limpia aceite', 'Acelera motor', 'Enfría auto', 'Reduce ruido', 1),
(918, 918, 'Manual', 'Automática', 'Secuencial', 'CVT', 2),
(919, 919, 'Motor', 'Frenos', 'Control de estabilidad', 'Escape', 3),
(920, 920, 'Motor', 'Escape', 'Batería', 'Suspensión', 4),
(921, 921, 'Enfría el motor', 'Acelera el auto', 'Lubrica piezas', 'Enciende motor', 1),
(922, 922, 'Gasolina', 'Diésel', 'Gas', 'Hidrógeno', 2),
(923, 923, 'Filtro', 'Radiador', 'Bujía', 'Escape', 3),
(924, 924, 'Motor', 'Suspensión', 'Dirección', 'ABS', 4),
(925, 925, 'Velocidad', 'Nivel gasolina', 'Distancia', 'Temperatura del motor', 4),
(926, 926, 'Dirige el auto', 'Frena', 'Enciende', 'Lubrica', 1),
(927, 927, 'Hidráulico', 'Neumático', 'Eléctrico', 'Mecánico', 2),
(928, 928, 'Motor', 'Frenos', 'Sensores de estacionamiento', 'Escape', 3),
(929, 929, 'Filtro', 'Radiador', 'Motor', 'Batería', 4),
(930, 930, 'Aumenta velocidad', 'Frena', 'Apaga motor', 'Enfría', 1),
(931, 931, 'Gasolina', 'Híbrido', 'Diésel', 'Eléctrico', 2),
(932, 932, 'Motor', 'Frenos', 'Airbags', 'Escape', 3),
(933, 933, 'Volante', 'Motor', 'Bujía', 'Espejo retrovisor', 4),
(934, 934, 'Mover ruedas', 'Frenar', 'Encender', 'Lubricar', 1),
(935, 935, 'Mineral', 'Sintético', 'Agua', 'Gas', 2),
(936, 936, 'Motor', 'Frenos', 'Control de crucero', 'Escape', 3),
(937, 937, 'Filtro', 'Radiador', 'Motor', 'Tanque', 4),
(938, 938, 'Conecta motor', 'Frena', 'Apaga', 'Lubrica', 1),
(939, 939, 'Seca', 'All season', 'De lluvia', 'De carrera', 3),
(940, 940, 'Motor', 'Transmisión', 'Frenos', 'Escape', 2),
(941, 941, 'Mide mezcla aire-combustible', 'Frena', 'Enfría', 'Lubrica', 1),
(942, 942, 'Gasolina', 'Eléctrico', 'Diésel', 'Híbrido', 2),
(943, 943, 'Motor', 'Frenos', 'Control de tracción', 'Escape', 3),
(944, 944, 'Filtro', 'Radiador', 'Batería', 'Cofre', 4),
(945, 945, 'Expulsa gases', 'Acelera', 'Enfría', 'Lubrica', 1),
(946, 946, 'Deportivo', 'Carga ligera', 'Moto', 'Camión pesado', 2),
(947, 947, 'Motor', 'Dirección', 'Frenos hidráulicos', 'Escape', 3),
(948, 948, 'Radiador', 'Filtro', 'Aceite', 'Llave/encendido', 4),
(949, 949, 'Muestra información', 'Frena', 'Acelera', 'Lubrica', 1),
(950, 950, 'Deportivo', 'Familiar de 4 puertas', 'Carga', 'Moto', 2),
(951, 951, 'Reduce emisiones contaminantes', 'Aumenta velocidad', 'Lubrica motor', 'Enfría aceite', 1),
(952, 952, 'Diésel', 'Gasolina', 'Eléctrico', 'Híbrido', 2),
(953, 953, 'Radiador', 'Escape', 'Acelerador', 'Batería', 3),
(954, 954, 'Motor', 'Frenos', 'Transmisión', 'Dirección', 4),
(955, 955, 'Mide temperatura', 'Acelera', 'Frena', 'Lubrica', 1),
(956, 956, 'Radiador', 'Tanque', 'Motor', 'Filtro', 2),
(957, 957, 'Delantera', 'Integral', 'Trasera', 'Total', 3),
(958, 958, 'Motor', 'Frenos', 'Suspensión', 'Airbags', 4),
(959, 959, 'Limpia aire', 'Acelera', 'Enfría', 'Lubrica', 1),
(960, 960, 'Velocidad', 'Nivel de gasolina', 'Temperatura', 'Distancia', 2),
(961, 961, 'Radiador', 'Escape', 'Bujía', 'Batería', 3),
(962, 962, 'Motor', 'Dirección', 'Suspensión', 'Frenos hidráulicos', 4),
(963, 963, 'Genera electricidad', 'Frena', 'Lubrica', 'Enfría', 1),
(964, 964, 'Automática', 'Manual', 'CVT', 'Eléctrica', 2),
(965, 965, 'Motor', 'Frenos', 'Control de estabilidad', 'Escape', 3),
(966, 966, 'Radiador', 'Filtro', 'Batería', 'Transmisión', 4),
(967, 967, 'Lubrica partes', 'Frena', 'Acelera', 'Enfría aire', 1),
(968, 968, 'Gasolina', 'Eléctrico', 'Diésel', 'Híbrido', 2),
(969, 969, 'Motor', 'Frenos', 'Suspensión', 'Escape', 3),
(970, 970, 'Radiador', 'Filtro', 'Batería', 'Escape', 4),
(971, 971, 'Dirige el auto', 'Frena', 'Acelera', 'Enciende', 1),
(972, 972, 'Tambor', 'Disco', 'Aire', 'Mecánico', 2),
(973, 973, 'Motor', 'Frenos', 'ESP', 'Escape', 3),
(974, 974, 'Motor', 'Filtro', 'Radiador', 'Carrocería', 4),
(975, 975, 'Aumenta velocidad', 'Frena', 'Apaga', 'Lubrica', 1),
(976, 976, 'Mineral', 'Sintético', 'Agua', 'Gas', 2),
(977, 977, 'Motor', 'Frenos', 'Control de crucero', 'Escape', 3),
(978, 978, 'Filtro', 'Radiador', 'Motor', 'Batería', 4),
(979, 979, 'Evita bloqueo de ruedas', 'Acelera', 'Lubrica', 'Enfría', 1),
(980, 980, 'Gasolina', 'Diésel', 'Eléctrico', 'Híbrido', 2),
(981, 981, 'Motor', 'Frenos', 'Control de tracción', 'Escape', 3),
(982, 982, 'Filtro', 'Radiador', 'Batería', 'Cofre', 4),
(983, 983, 'Expulsa gases', 'Acelera', 'Enfría', 'Lubrica', 1),
(984, 984, 'Deportivo', 'Utilitario deportivo', 'Moto', 'Camión', 2),
(985, 985, 'Motor', 'Dirección', 'Frenos hidráulicos', 'Escape', 3),
(986, 986, 'Radiador', 'Filtro', 'Aceite', 'Encendido/llave', 4),
(987, 987, 'Muestra información', 'Frena', 'Acelera', 'Lubrica', 1),
(988, 988, 'Deportivo', 'Compacto con puerta trasera', 'Camión', 'Moto', 2),
(989, 989, 'Motor', 'Frenos', 'Aire acondicionado', 'Escape', 3),
(990, 990, 'Filtro', 'Aceite', 'Bujía', 'Radiador', 4),
(991, 991, 'Conecta motor', 'Frena', 'Apaga', 'Lubrica', 1),
(992, 992, 'Solo gasolina', 'Gasolina y electricidad', 'Solo electricidad', 'Gas', 2),
(993, 993, 'Motor', 'Frenos', 'Airbags', 'Escape', 3),
(994, 994, 'Motor', 'Filtro', 'Bujía', 'Espejo retrovisor', 4),
(995, 995, 'Absorbe impactos', 'Acelera', 'Frena', 'Lubrica', 1),
(996, 996, 'Delantera', 'En las cuatro ruedas', 'Trasera', 'Manual', 2),
(997, 997, 'Motor', 'Frenos', 'Dirección', 'Escape', 3),
(998, 998, 'Filtro', 'Radiador', 'Motor', 'Tanque', 4),
(999, 999, 'Protege al ocupante', 'Acelera', 'Frena', 'Lubrica', 1),
(1000, 1000, 'Gasolina', 'Funciona con batería', 'Diésel', 'Híbrido', 2),


ALTER TABLE `categoria`
  ADD PRIMARY KEY (`id_categoria`);

ALTER TABLE `preguntas`
  ADD PRIMARY KEY (`id_pregunta`),
  ADD KEY `fk_preguntas_categoria` (`id_categoria`);

ALTER TABLE `opciones`
  ADD PRIMARY KEY (`id_opcion`),
  ADD KEY `fk_opciones_preguntas` (`id_pregunta`);

ALTER TABLE `categoria`
  MODIFY `id_categoria` int(11) NOT NULL AUTO_INCREMENT, AUTO_INCREMENT=11;

ALTER TABLE `preguntas`
  MODIFY `id_pregunta` int(11) NOT NULL AUTO_INCREMENT, AUTO_INCREMENT=501;

ALTER TABLE `opciones`
  MODIFY `id_opcion` int(11) NOT NULL AUTO_INCREMENT, AUTO_INCREMENT=501;

ALTER TABLE `preguntas`
  ADD CONSTRAINT `fk_preguntas_categoria` FOREIGN KEY (`id_categoria`) REFERENCES `categoria` (`id_categoria`);

ALTER TABLE `opciones`
  ADD CONSTRAINT `fk_opciones_preguntas` FOREIGN KEY (`id_pregunta`) REFERENCES `preguntas` (`id_pregunta`);

COMMIT;